Date,sentiment_mean,n_news
2008-01-02,0.16264474391937256,3
2008-01-03,0.9999986886978149,1
2008-01-07,0.9838525056838989,1
2008-01-09,-0.4923173487186432,2
2008-01-10,0.0,1
2008-01-22,0.0030207782983779907,4
2008-01-29,0.0,1
2008-01-30,0.0,1
2008-02-01,-0.9999924898147583,1
2008-02-05,-0.6666535139083862,3
2008-02-11,-0.7822530567646027,2
2008-02-21,0.0,1
2008-02-22,-0.49959293007850647,2
2008-02-28,0.0,1
2008-02-29,-0.9996320009231567,1
2008-03-05,0.0,1
2008-03-07,-0.4992043077945709,2
2008-03-10,-0.999359667301178,1
2008-03-11,0.0,1
2008-03-18,0.0,1
2008-03-27,-0.999970555305481,1
2008-04-02,0.9708686470985413,1
2008-04-07,0.0,1
2008-04-16,0.4999890923500061,2
2008-04-22,0.0,1
2008-04-23,-0.9999935626983643,1
2008-04-24,-0.9999992847442627,1
2008-04-25,0.0,1
2008-05-05,0.0,1
2008-05-06,0.9887942671775818,1
2008-05-07,0.0,1
2008-05-08,-0.9999539852142334,1
2008-05-12,0.0031218727429707846,3
2008-05-16,-0.9883434176445007,1
2008-05-21,0.9952418804168701,1
2008-05-23,0.0,1
2008-05-27,0.0,1
2008-05-29,-0.9997627139091492,1
2008-06-02,-0.9994508624076843,1
2008-06-04,0.9999998807907104,2
2008-06-05,0.9999986886978149,1
2008-06-09,-0.9874350130558014,2
2008-06-13,0.9941562414169312,1
2008-06-20,-0.9998552799224854,1
2008-06-24,0.4999324679374695,2
2008-07-01,0.0,1
2008-07-02,-0.8649048209190369,2
2008-07-07,0.9987167119979858,1
2008-07-09,0.0,1
2008-07-14,0.0,1
2008-07-23,0.0,1
2008-07-29,0.7259490489959717,1
2008-07-31,0.0,1
2008-08-01,0.9999955892562866,1
2008-08-04,1.0,1
2008-08-08,0.0,1
2008-08-13,-0.8848806023597717,1
2008-08-14,0.0,1
2008-08-19,0.0,2
2008-08-26,0.49967750906944275,2
2008-08-27,0.0,2
2008-08-28,0.0,1
2008-09-03,-0.999996542930603,1
2008-09-09,0.0,1
2008-09-10,0.0,1
2008-09-11,0.0,1
2008-09-15,-0.9996991157531738,1
2008-09-16,-0.9779280722141266,2
2008-09-17,-0.9994660019874573,1
2008-09-19,0.0,1
2008-09-24,0.0,1
2008-09-26,0.0,1
2008-09-29,-0.6652292410532633,3
2008-10-01,0.0,1
2008-10-06,0.0,1
2008-10-07,-0.9160431027412415,1
2008-10-13,-0.9999997615814209,1
2008-10-15,0.0,2
2008-10-17,0.0,2
2008-10-20,0.0,1
2008-10-21,0.0,1
2008-10-23,-0.4999706745147705,2
2008-10-24,-0.4999532103538513,2
2008-10-29,0.0,1
2008-10-30,-0.49111583828926086,2
2008-11-03,0.00042754411697387695,3
2008-11-04,0.0,1
2008-11-05,0.0,1
2008-11-07,0.0,1
2008-11-10,0.0,1
2008-11-11,-0.15790438652038574,2
2008-11-17,-0.9988740682601929,2
2008-11-21,0.0,1
2008-11-24,0.9999973773956299,1
2008-11-26,0.0,1
2008-12-01,0.0,1
2008-12-02,0.0,1
2008-12-03,0.9999977350234985,1
2008-12-04,-0.9999984502792358,1
2008-12-09,-0.9925690293312073,1
2008-12-11,0.49992793798446655,2
2008-12-17,-0.9999419450759888,1
2008-12-18,0.0,1
2008-12-24,0.0,1
2008-12-30,-0.49934861063957214,2
2008-12-31,0.0,1
2009-01-07,-0.9999998807907104,1
2009-01-08,0.9989805817604065,1
2009-01-12,-0.9716193675994873,1
2009-01-20,0.0,1
2009-01-21,-0.49541667103767395,2
2009-01-23,0.0,1
2009-01-28,-0.48736125230789185,2
2009-01-30,0.0,1
2009-02-02,0.0,1
2009-02-09,0.0,1
2009-02-17,-0.9342449903488159,1
2009-02-18,-0.43307414650917053,2
2009-02-23,0.0,1
2009-02-25,0.0,1
2009-03-02,0.0,1
2009-03-03,-0.9985405206680298,1
2009-03-04,-0.999991774559021,1
2009-03-05,0.0,1
2009-03-09,0.0,1
2009-03-13,0.0,1
2009-03-18,0.0,1
2009-03-26,-0.48193079233169556,1
2009-04-06,-7.641315460205078e-05,2
2009-04-13,-0.9698843359947205,1
2009-04-17,0.0,1
2009-04-28,-0.999772846698761,1
2009-04-30,-0.4999464154243469,2
2009-05-07,0.9997145533561707,1
2009-05-11,0.12718170881271362,2
2009-05-29,0.0,1
2009-06-01,0.0,2
2009-06-05,0.0,1
2009-06-11,0.0,2
2009-06-17,0.3136095603307088,3
2009-06-19,0.0,1
2009-06-24,0.0,1
2009-07-01,0.0,2
2009-07-02,0.0,1
2009-07-08,0.0,1
2009-07-09,0.0,1
2009-07-13,0.0,1
2009-07-31,0.0,1
2009-08-05,-0.9995261430740356,1
2009-08-07,0.0,1
2009-08-11,-0.9765698313713074,1
2009-08-13,0.0,1
2009-08-14,0.0,1
2009-08-19,0.0,1
2009-08-31,0.0,1
2009-09-01,0.0,1
2009-09-02,0.0,1
2009-09-08,1.0,1
2009-09-09,0.5028334856033325,1
2009-09-10,0.0,1
2009-09-11,0.49999988079071045,2
2009-09-14,-0.7522634863853455,1
2009-09-16,0.0,1
2009-09-18,-0.5661585330963135,1
2009-09-22,0.49999988079071045,2
2009-09-23,0.6249690651893616,1
2009-09-25,-0.7848724126815796,1
2009-09-28,0.0,2
2009-09-30,0.0,1
2009-10-01,0.0,1
2009-10-06,0.4999999403953552,2
2009-10-07,0.9999984502792358,1
2009-10-08,0.5022546052932739,1
2009-10-09,0.0,1
2009-10-12,0.0,1
2009-10-19,0.5491056442260742,1
2009-10-27,0.0,1
2009-10-28,0.0,1
2009-10-30,0.0,1
2009-11-05,-0.4997657537460327,2
2009-11-09,0.0,1
2009-11-12,-0.9999654293060303,1
2009-11-13,0.0,3
2009-11-23,-0.9421740174293518,1
2009-11-24,0.0,1
2009-11-25,0.49999475479125977,2
2009-11-27,0.0,1
2009-12-03,0.0,1
2009-12-07,0.0,1
2009-12-10,0.0,1
2009-12-14,0.9783358573913574,1
2009-12-15,0.0,2
2009-12-16,0.3222312927246094,3
2009-12-21,0.0,1
2009-12-22,0.9999996423721313,1
2009-12-30,0.011563926935195923,2
2010-01-05,0.3333171208699544,3
2010-01-06,-0.9216177463531494,1
2010-01-07,0.0,1
2010-01-11,0.0,1
2010-01-13,-0.49603021144866943,2
2010-01-14,0.0,1
2010-01-20,0.0,1
2010-01-28,0.0,2
2010-02-02,0.0,1
2010-02-04,0.0,1
2010-02-05,-0.999869704246521,1
2010-02-08,0.0,2
2010-02-12,0.0,1
2010-02-18,0.6307867765426636,1
2010-02-23,-0.9999887943267822,1
2010-02-26,0.0,2
2010-03-01,0.0,1
2010-03-02,0.0,1
2010-03-05,0.49093061685562134,2
2010-03-08,0.0,1
2010-03-09,-0.8754415512084961,1
2010-03-10,0.0,1
2010-03-12,0.0,1
2010-03-15,0.7470816969871521,1
2010-03-22,0.0,1
2010-03-24,0.0,1
2010-04-01,-0.4996930956840515,2
2010-04-05,0.48609042167663574,2
2010-04-12,0.0,1
2010-04-14,-0.20484869182109833,4
2010-04-15,0.0,1
2010-04-19,0.4999975562095642,2
2010-04-22,0.0,2
2010-04-23,0.0,1
2010-04-28,7.092952728271484e-06,2
2010-04-30,0.0,1
2010-05-04,0.0,1
2010-05-05,-0.9559893608093262,1
2010-05-06,0.0,1
2010-05-07,0.9298775792121887,1
2010-05-11,0.0,1
2010-05-12,-0.32913055022557575,3
2010-05-17,0.0,1
2010-05-18,0.6094604730606079,1
2010-05-20,0.0,1
2010-05-25,0.9710288047790527,1
2010-05-26,0.8716511726379395,1
2010-06-01,0.0,3
2010-06-07,0.49979743361473083,2
2010-06-08,0.0,1
2010-06-11,0.9814901053905487,2
2010-06-14,0.0,1
2010-06-15,0.0,2
2010-06-21,0.3332844575246175,3
2010-06-22,0.0,1
2010-06-23,0.0,1
2010-06-28,0.0,2
2010-06-29,0.0,1
2010-06-30,-0.33320297797520954,3
2010-07-06,-0.484226256608963,2
2010-07-07,0.0,1
2010-07-13,0.20997609198093414,4
2010-07-14,-0.4631896913051605,2
2010-07-20,0.0,1
2010-07-21,0.0,1
2010-07-26,0.0,1
2010-07-30,-0.4999431371688843,2
2010-08-02,0.0,2
2010-08-04,0.33333321412404376,3
2010-08-06,-0.9999874830245972,1
2010-08-09,0.0,1
2010-08-10,0.0,1
2010-08-11,0.0,1
2010-08-17,0.0,1
2010-08-24,0.0,1
2010-08-27,-0.4999949336051941,2
2010-08-30,0.4999843239784241,2
2010-09-03,0.0,3
2010-09-07,-0.8737646043300629,2
2010-09-09,0.0,1
2010-09-10,0.0,1
2010-09-13,0.4999997615814209,2
2010-09-14,0.0,1
2010-09-15,0.0,3
2010-09-17,0.0,2
2010-09-20,-0.9999115467071533,1
2010-09-21,0.0,1
2010-09-22,0.0,2
2010-09-24,0.0,4
2010-09-27,0.0,1
2010-09-28,0.0,1
2010-09-29,0.0,1
2010-09-30,-0.14284937722342356,7
2010-10-01,0.6408325433731079,1
2010-10-04,0.0,1
2010-10-08,0.0,1
2010-10-12,0.14268359541893005,2
2010-10-13,0.4997975528240204,2
2010-10-14,0.0,2
2010-10-19,0.0,4
2010-10-20,0.0,1
2010-10-22,0.0,1
2010-10-26,0.0,1
2010-10-29,0.0,1
2010-11-02,0.0,1
2010-11-04,0.0,1
2010-11-05,-0.9999972581863403,1
2010-11-08,0.0,2
2010-11-10,0.0,2
2010-11-11,0.0,1
2010-11-12,0.0,1
2010-11-15,-0.3214130202929179,3
2010-11-18,0.0,2
2010-11-22,0.0,2
2010-11-23,0.0,1
2010-11-24,0.9999631643295288,1
2010-11-26,0.0,1
2010-11-29,0.0,2
2010-11-30,0.0,1
2010-12-02,0.9999984502792358,1
2010-12-03,-0.994762122631073,1
2010-12-09,1.0,1
2010-12-10,0.0756584107875824,4
2010-12-13,-0.017324358224868774,2
2010-12-14,0.9999692440032959,1
2010-12-16,0.0,1
2010-12-17,0.0,1
2010-12-20,0.0,1
2010-12-22,0.0,2
2010-12-23,0.9938687682151794,1
2010-12-30,0.8328561782836914,1
2010-12-31,0.1762419581413269,5
2011-01-03,0.0,2
2011-01-04,0.3333323796590169,3
2011-01-05,0.0,1
2011-01-06,0.49967607855796814,2
2011-01-11,1.0,1
2011-01-12,-0.4998951852321625,2
2011-01-13,0.4999998211860657,2
2011-01-14,0.999997615814209,1
2011-01-18,0.7797436714172363,1
2011-01-19,0.0,1
2011-01-20,0.0,2
2011-01-21,-0.49983638525009155,2
2011-01-24,0.9575200080871582,1
2011-01-26,0.0,1
2011-01-28,-0.2859921058019002,3
2011-01-31,0.0,1
2011-02-01,0.25,4
2011-02-02,0.0,1
2011-02-03,0.999998152256012,2
2011-02-04,0.0,2
2011-02-09,0.0,1
2011-02-14,0.0,3
2011-02-15,0.33329856395721436,3
2011-02-16,-0.9968587160110474,1
2011-02-18,-0.41255682706832886,2
2011-02-23,0.9999974966049194,1
2011-02-24,0.0,1
2011-02-28,-0.31811092297236127,3
2011-03-01,-0.49998939037323,2
2011-03-04,0.0,2
2011-03-08,0.0,2
2011-03-09,0.49997538328170776,2
2011-03-10,0.0,2
2011-03-11,0.0,2
2011-03-14,0.0,1
2011-03-15,0.0,1
2011-03-16,0.499916672706604,2
2011-03-17,-0.49197760224342346,2
2011-03-23,-0.9979774355888367,1
2011-03-29,0.0,1
2011-03-30,0.0,1
2011-03-31,0.0,2
2011-04-01,0.0,1
2011-04-04,-0.0009238719940185547,3
2011-04-05,0.0,2
2011-04-06,0.0,1
2011-04-12,0.0,1
2011-04-13,0.0,2
2011-04-14,0.0,2
2011-04-15,0.0,2
2011-04-18,0.0,2
2011-04-19,0.0,1
2011-04-20,0.0,2
2011-04-21,-0.16666442155838013,6
2011-04-25,-0.9999967813491821,1
2011-04-26,0.0,2
2011-04-27,0.0,1
2011-04-28,0.0,1
2011-04-29,0.0,4
2011-05-02,0.0,4
2011-05-03,0.3332798480987549,3
2011-05-05,0.0,1
2011-05-06,0.0,3
2011-05-09,0.0,1
2011-05-10,0.0,3
2011-05-11,0.0,2
2011-05-12,0.0,1
2011-05-13,0.0,4
2011-05-16,0.0,1
2011-05-17,0.0,1
2011-05-18,0.0,2
2011-05-20,0.24999994039535522,4
2011-05-23,-0.3962194323539734,4
2011-05-25,0.0,1
2011-05-26,-0.9843331575393677,1
2011-05-27,0.16666577259699503,6
2011-06-01,0.14406602084636688,4
2011-06-02,0.19623883068561554,4
2011-06-03,0.0,3
2011-06-07,-0.17713346083958945,3
2011-06-08,-0.22953671216964722,2
2011-06-09,0.0,1
2011-06-10,0.0,2
2011-06-13,0.0,2
2011-06-14,0.0,1
2011-06-15,0.0,3
2011-06-16,0.0,4
2011-06-20,0.4999943971633911,2
2011-06-21,0.0,2
2011-06-22,0.0,2
2011-06-23,0.0,2
2011-06-24,-0.1962196946144104,5
2011-06-27,0.0,2
2011-06-29,-0.3998380064964294,5
2011-06-30,0.0,4
2011-07-01,-0.24999886751174927,4
2011-07-05,0.0,2
2011-07-07,-0.9963932633399963,1
2011-07-08,0.0,3
2011-07-12,0.0,3
2011-07-13,0.0,1
2011-07-14,0.4867381453514099,2
2011-07-15,0.33300602436065674,3
2011-07-18,0.0,2
2011-07-19,-0.3332986831665039,3
2011-07-20,0.0,3
2011-07-21,0.24900972843170166,4
2011-07-22,0.49971452355384827,2
2011-07-25,0.0,2
2011-07-26,0.0,1
2011-07-27,-0.49962228536605835,2
2011-07-28,-0.6533917784690857,1
2011-07-29,0.2381560355424881,4
2011-08-01,0.49999988079071045,2
2011-08-02,-0.3333293596903483,3
2011-08-03,0.0,1
2011-08-04,-0.33333277702331543,3
2011-08-05,0.0,2
2011-08-08,-0.1806235412756602,6
2011-08-09,-0.24999842047691345,4
2011-08-10,-0.08927442630132039,3
2011-08-11,-0.4333050400018692,4
2011-08-12,0.0,2
2011-08-15,-0.9997655749320984,1
2011-08-16,-0.8200801610946655,1
2011-08-17,0.4575406014919281,2
2011-08-18,-0.33333249886830646,3
2011-08-22,-0.3254711826642354,3
2011-08-23,0.0,4
2011-08-24,0.0,1
2011-08-25,0.0,3
2011-08-26,0.24999910593032837,4
2011-08-29,0.0,1
2011-08-30,-0.2927785913149516,3
2011-08-31,0.47155892848968506,2
2011-09-01,-0.4993426501750946,2
2011-09-02,0.0,2
2011-09-06,0.0,2
2011-09-07,-0.331878125667572,3
2011-09-08,0.0,2
2011-09-09,-0.3941640853881836,2
2011-09-12,0.0,4
2011-09-13,0.33212576309839886,3
2011-09-14,0.24907177686691284,4
2011-09-15,-0.33104143540064496,3
2011-09-16,0.33327080806096393,3
2011-09-19,0.0,3
2011-09-21,0.0,2
2011-09-22,0.19969524145126344,5
2011-09-23,0.24977780878543854,4
2011-09-26,0.0,3
2011-09-27,-0.2876340349515279,3
2011-09-28,0.009535253047943115,3
2011-09-29,0.0,3
2011-09-30,-0.18865638971328735,5
2011-10-03,-0.3999051094055176,5
2011-10-04,-0.2498457133769989,4
2011-10-05,0.0,4
2011-10-06,0.0,1
2011-10-07,0.0,2
2011-10-10,0.02691914141178131,4
2011-10-11,-0.29016724824905393,5
2011-10-12,-9.593367576599121e-05,2
2011-10-13,-0.33332077662150067,3
2011-10-14,0.0,5
2011-10-17,0.0,1
2011-10-18,0.0,3
2011-10-19,-0.3333091338475545,3
2011-10-20,0.0,3
2011-10-21,0.3333328564961751,3
2011-10-24,0.0,3
2011-10-25,-0.9990635514259338,1
2011-10-26,0.0,4
2011-10-27,0.0,2
2011-10-28,0.0,3
2011-10-31,0.0,2
2011-11-01,0.0,2
2011-11-02,0.0,2
2011-11-03,0.6337424317995707,3
2011-11-04,0.43878594040870667,2
2011-11-07,0.0,2
2011-11-08,0.0,3
2011-11-09,-0.1001638650894165,5
2011-11-10,0.0,1
2011-11-11,0.49371397495269775,2
2011-11-14,0.0,2
2011-11-15,-0.49865299463272095,2
2011-11-17,0.0,4
2011-11-18,-0.1999969244003296,5
2011-11-21,-0.4999222755432129,2
2011-11-22,0.0,2
2011-11-23,-0.027907460927963257,4
2011-11-25,0.0,2
2011-11-28,0.3333197434743245,3
2011-11-29,-0.22563670575618744,4
2011-11-30,0.0,2
2011-12-01,0.0,3
2011-12-02,0.3332759141921997,3
2011-12-05,0.0,3
2011-12-06,-0.6542160709698995,3
2011-12-07,0.0,5
2011-12-08,-0.14294229745864867,5
2011-12-09,0.0,3
2011-12-12,0.0,2
2011-12-13,0.2426360845565796,3
2011-12-14,0.0,3
2011-12-15,0.0,2
2011-12-16,0.0,3
2011-12-19,0.24999955296516418,4
2011-12-20,0.0,4
2011-12-21,0.0,4
2011-12-22,-0.1865612030029297,5
2011-12-23,0.3315090537071228,3
2011-12-27,0.9484414458274841,1
2011-12-28,0.0,3
2011-12-30,0.24999764561653137,4
2012-01-03,0.0,4
2012-01-04,0.0,1
2012-01-05,0.0,2
2012-01-06,0.0,2
2012-01-09,0.0,3
2012-01-10,-0.4925881624221802,2
2012-01-11,0.0,2
2012-01-12,-0.3333330949147542,3
2012-01-13,-0.49343040585517883,2
2012-01-17,0.49238136410713196,2
2012-01-18,0.0,3
2012-01-19,-0.19998178482055665,5
2012-01-20,0.9886701107025146,1
2012-01-23,-0.2397545725107193,4
2012-01-24,0.3111185034116109,3
2012-01-25,0.3333331346511841,3
2012-01-26,0.0,2
2012-01-27,0.0,3
2012-01-30,0.49999821186065674,2
2012-01-31,-0.33302078644434613,3
2012-02-01,0.0,2
2012-02-02,0.4867635667324066,2
2012-02-03,-0.023330330848693848,4
2012-02-06,0.0,1
2012-02-07,0.0,2
2012-02-08,0.2685852249463399,3
2012-02-09,0.31430819630622864,2
2012-02-10,0.0,1
2012-02-13,-0.33226372798283893,3
2012-02-14,0.6655606428782145,6
2012-02-15,0.0,5
2012-02-16,0.24920277297496796,4
2012-02-17,0.0,1
2012-02-21,0.0,3
2012-02-22,0.4999998211860657,2
2012-02-23,0.0,1
2012-02-24,-0.6655124028523763,3
2012-02-27,0.0,2
2012-02-28,0.199138081073761,5
2012-02-29,0.0,3
2012-03-01,0.0,3
2012-03-02,0.0,4
2012-03-05,-0.3333201011021932,3
2012-03-06,0.47961822152137756,2
2012-03-07,0.18293944597244263,5
2012-03-08,0.0,1
2012-03-09,-0.24996322393417358,4
2012-03-13,0.24999427795410156,4
2012-03-14,0.03339610497156779,3
2012-03-15,-0.49871399998664856,2
2012-03-16,0.0,3
2012-03-19,0.6566675702730814,3
2012-03-20,0.0,1
2012-03-21,0.0,2
2012-03-22,0.0,1
2012-03-23,0.00784677267074585,3
2012-03-26,0.0,2
2012-03-27,0.9999998807907104,1
2012-03-28,-0.19999971389770507,5
2012-03-29,0.0,2
2012-03-30,0.09042178591092427,6
2012-04-02,0.4999969005584717,2
2012-04-03,0.0,2
2012-04-04,0.24950949847698212,4
2012-04-05,0.0,2
2012-04-09,0.9999327063560486,2
2012-04-10,0.7841252684593201,1
2012-04-11,0.4793226718902588,2
2012-04-12,0.24207012355327606,4
2012-04-13,-0.007418942451477051,5
2012-04-16,-0.49997687339782715,2
2012-04-17,0.49999988079071045,2
2012-04-18,0.0,2
2012-04-19,-0.49857066571712494,4
2012-04-20,-0.12468995153903961,4
2012-04-23,-0.3213563561439514,3
2012-04-24,0.1997648596763611,5
2012-04-25,0.0,2
2012-04-27,0.1999289274215698,5
2012-04-30,-0.999832272529602,1
2012-05-01,0.49916520714759827,2
2012-05-02,0.0,4
2012-05-03,-0.33170076211293537,3
2012-05-04,0.0,3
2012-05-07,0.0,3
2012-05-08,-0.49991732835769653,2
2012-05-09,-0.24212974309921265,4
2012-05-10,-0.24958474934101105,4
2012-05-11,0.0,1
2012-05-14,0.05352298021316528,5
2012-05-15,0.3366033169958327,9
2012-05-16,0.0,3
2012-05-18,0.0,1
2012-05-21,-0.2471688687801361,4
2012-05-22,0.0,5
2012-05-23,0.0,2
2012-05-24,0.0,1
2012-05-25,0.33123596509297687,3
2012-05-29,0.0,3
2012-05-31,-0.14285659790039062,7
2012-06-01,-0.00012044111887613933,3
2012-06-04,0.0,3
2012-06-05,-0.3333222071329753,3
2012-06-06,0.49987760186195374,2
2012-06-07,0.0,2
2012-06-08,0.0,3
2012-06-11,0.0,2
2012-06-12,0.0,2
2012-06-13,0.3333328564961751,3
2012-06-14,0.0,2
2012-06-15,0.0,5
2012-06-18,0.0,4
2012-06-19,0.0,2
2012-06-20,-0.33328243096669513,3
2012-06-21,0.0,3
2012-06-22,0.0,4
2012-06-25,0.0,1
2012-06-26,0.1627051035563151,6
2012-06-27,0.0,2
2012-06-28,-0.08854825049638748,4
2012-06-29,0.0,1
2012-07-02,0.22384986281394958,4
2012-07-03,-0.16476823886235556,6
2012-07-05,0.0,4
2012-07-06,0.0,3
2012-07-09,0.0,2
2012-07-10,0.0,2
2012-07-12,0.0,1
2012-07-13,0.49983297288417816,4
2012-07-16,0.0,1
2012-07-17,0.12499995529651642,8
2012-07-18,0.0,1
2012-07-19,0.24961572885513306,4
2012-07-20,-0.33332423369089764,3
2012-07-23,0.0,1
2012-07-24,0.15482336282730103,7
2012-07-25,-0.004317144552866618,3
2012-07-27,0.0,3
2012-07-31,0.0,1
2012-08-01,0.0,3
2012-08-02,0.0015175491571426392,8
2012-08-03,-0.2644524097442627,5
2012-08-06,-0.19437303145726523,3
2012-08-07,0.0,3
2012-08-08,0.0,3
2012-08-09,-0.4988566040992737,2
2012-08-10,0.0,2
2012-08-13,0.0,1
2012-08-14,0.00018374919891357423,5
2012-08-15,0.0,3
2012-08-16,0.0,4
2012-08-17,0.0,1
2012-08-20,0.2499919831752777,4
2012-08-21,0.33333321412404376,3
2012-08-22,0.2616808811823527,3
2012-08-23,0.0,2
2012-08-24,0.49934449791908264,2
2012-08-27,-0.2432923742703029,7
2012-08-28,0.0,2
2012-08-29,0.0,1
2012-08-30,0.0,1
2012-08-31,-0.5679787596066793,3
2012-09-04,0.39799119234085084,5
2012-09-05,0.0,1
2012-09-07,0.0,3
2012-09-10,-0.3332895040512085,3
2012-09-11,0.0,3
2012-09-12,0.0,4
2012-09-13,0.0,3
2012-09-14,-0.24997323751449585,4
2012-09-17,0.0,1
2012-09-18,-0.6529419620831808,3
2012-09-19,0.0,2
2012-09-20,0.0,3
2012-09-21,0.0,4
2012-09-24,0.3333333333333333,3
2012-09-25,0.2254064679145813,4
2012-09-26,0.16797276337941489,3
2012-09-27,0.0,4
2012-09-28,-0.12010228633880615,7
2012-10-01,0.0,3
2012-10-02,-0.4952218234539032,2
2012-10-03,0.0,2
2012-10-04,0.0,5
2012-10-05,-0.3333187898000081,3
2012-10-08,0.0,1
2012-10-09,-0.18463772535324097,7
2012-10-10,-0.22193288803100586,3
2012-10-11,-0.5870416959126791,3
2012-10-12,0.0,2
2012-10-15,0.0,3
2012-10-16,0.0,1
2012-10-17,0.1619014342625936,6
2012-10-18,0.0,3
2012-10-19,0.0,2
2012-10-22,0.0,5
2012-10-23,-0.268876572450002,3
2012-10-24,-0.1429137706756592,5
2012-10-25,0.4845028519630432,2
2012-10-26,0.8035885691642761,1
2012-10-31,0.0,1
2012-11-01,0.333332896232605,3
2012-11-02,-0.40102657675743103,2
2012-11-05,0.3301176031430562,3
2012-11-06,0.0,1
2012-11-07,-0.3259410758813222,6
2012-11-08,0.49984583258628845,4
2012-11-09,0.4999735951423645,2
2012-11-12,-0.1997580647468567,5
2012-11-13,0.0,2
2012-11-14,0.3943808525800705,4
2012-11-15,0.0,1
2012-11-16,-0.3039044141769409,3
2012-11-19,0.0,2
2012-11-20,0.0,3
2012-11-21,-0.19969338178634644,3
2012-11-23,0.0,3
2012-11-26,0.0,1
2012-11-27,-0.1513461709022522,5
2012-11-28,0.0,1
2012-11-29,0.3589871674776077,4
2012-11-30,0.09816652536392212,5
2012-12-03,0.0,2
2012-12-04,-4.363059997558594e-06,5
2012-12-05,-0.3161154866218567,5
2012-12-06,0.0,5
2012-12-07,-0.4559982120990753,4
2012-12-10,0.983069658279419,1
2012-12-11,-0.1999655246734619,5
2012-12-12,0.22689589858055115,4
2012-12-13,0.0,1
2012-12-14,0.0,2
2012-12-17,0.0,1
2012-12-18,0.16567849119504294,6
2012-12-19,0.0,2
2012-12-20,0.0,4
2012-12-21,0.0,4
2012-12-24,-0.7710632681846619,1
2012-12-26,0.0,1
2012-12-27,0.6666398048400879,3
2012-12-28,-0.23152550061543783,3
2013-01-02,0.4709131717681885,4
2013-01-03,0.0,2
2013-01-04,0.0,1
2013-01-07,0.0,2
2013-01-08,0.24457581837972006,3
2013-01-09,0.0,3
2013-01-10,-0.331570823987325,3
2013-01-11,0.0,2
2013-01-14,0.0,1
2013-01-15,-0.24943500757217407,4
2013-01-16,-0.24038277566432953,4
2013-01-17,-0.19934345483779908,5
2013-01-18,0.0,2
2013-01-22,0.25,4
2013-01-23,-0.23084667325019836,4
2013-01-24,0.5195824503898621,1
2013-01-25,0.0,6
2013-01-28,0.0,2
2013-01-29,-0.21892224252223969,4
2013-01-30,0.0,1
2013-01-31,0.3317830761273702,3
2013-02-01,0.49643954634666443,4
2013-02-04,0.3333245515823364,3
2013-02-05,-0.4999992251396179,2
2013-02-06,0.0,2
2013-02-07,-0.3203029751777649,5
2013-02-08,0.0,3
2013-02-11,0.0,1
2013-02-12,0.0,4
2013-02-13,0.0,2
2013-02-14,-0.49999135732650757,2
2013-02-15,-0.19988207817077636,5
2013-02-19,-0.4999924302101135,2
2013-02-20,0.2835630774497986,3
2013-02-21,0.0,3
2013-02-22,-0.49915948510169983,2
2013-02-25,-0.6299643516540527,1
2013-02-26,0.0,3
2013-02-27,0.0,2
2013-02-28,-0.24991121888160706,4
2013-03-01,0.14285710879734584,7
2013-03-04,-0.33011072874069214,3
2013-03-05,0.0,2
2013-03-06,0.0,3
2013-03-07,0.0,3
2013-03-08,0.0,2
2013-03-11,0.0,1
2013-03-12,0.0,4
2013-03-13,0.0,3
2013-03-14,-0.6382521986961365,3
2013-03-15,0.0,1
2013-03-18,0.0,3
2013-03-19,0.294641633828481,3
2013-03-20,0.0,2
2013-03-21,0.24999910593032837,4
2013-03-22,-0.13693558318274363,7
2013-03-25,0.0,2
2013-03-26,0.0,1
2013-03-28,0.2265419214963913,4
2013-04-01,0.24979446828365326,4
2013-04-02,0.4999999403953552,2
2013-04-03,0.0,3
2013-04-04,0.24997231364250183,4
2013-04-05,0.0,1
2013-04-08,-0.2498331218957901,4
2013-04-09,0.0,2
2013-04-10,0.2499714195728302,4
2013-04-11,-0.4588703513145447,2
2013-04-12,0.0,5
2013-04-15,-0.4789508879184723,4
2013-04-16,0.0,3
2013-04-17,-0.24094665050506592,3
2013-04-18,-0.49999117851257324,2
2013-04-19,0.0005945563316345215,5
2013-04-22,0.0,1
2013-04-23,-0.03780482212702433,6
2013-04-24,0.0682929555575053,3
2013-04-25,0.12485016584396362,5
2013-04-26,0.0,4
2013-04-29,0.04228246212005615,4
2013-04-30,0.49190467596054077,2
2013-05-01,-0.2499535232782364,4
2013-05-02,0.4996126890182495,2
2013-05-03,0.9445873101552328,3
2013-05-07,-0.4821353256702423,2
2013-05-08,0.0,2
2013-05-09,-0.27345045407613117,3
2013-05-10,0.45988279581069946,2
2013-05-13,0.5174813270568848,3
2013-05-14,0.013688216606775919,6
2013-05-15,0.9997386336326599,1
2013-05-16,0.0,3
2013-05-17,0.0,3
2013-05-20,0.0,4
2013-05-21,0.0,2
2013-05-22,0.04319034516811371,4
2013-05-23,0.0,2
2013-05-24,0.09324619174003601,4
2013-05-28,0.24999910593032837,4
2013-05-29,0.3313714067141215,3
2013-05-30,0.0,5
2013-05-31,-0.4999998211860657,2
2013-06-04,0.10195458928743999,6
2013-06-05,-0.24999982118606567,4
2013-06-06,0.0,6
2013-06-07,0.0,1
2013-06-10,0.0,1
2013-06-11,0.1043501893679301,3
2013-06-12,0.3333333333333333,3
2013-06-13,0.0,3
2013-06-14,0.0,4
2013-06-17,0.0,1
2013-06-18,0.33333321412404376,3
2013-06-19,0.0,3
2013-06-20,0.0,4
2013-06-21,0.0,2
2013-06-24,0.0,3
2013-06-25,0.4999900758266449,4
2013-06-26,0.24187105894088745,4
2013-06-27,0.0,2
2013-06-28,0.0,3
2013-07-01,-0.9999725818634033,1
2013-07-02,0.0,1
2013-07-03,0.0,5
2013-07-05,0.0,2
2013-07-08,0.0,2
2013-07-09,0.0,3
2013-07-10,0.0,4
2013-07-12,0.0,2
2013-07-15,-0.4999951720237732,2
2013-07-16,-0.16533413529396057,6
2013-07-17,0.21698561906814576,5
2013-07-18,0.4999997019767761,2
2013-07-19,0.0,2
2013-07-22,0.9999626278877258,2
2013-07-23,0.49999964237213135,2
2013-07-24,0.43540990352630615,4
2013-07-26,0.24977628886699677,4
2013-07-29,0.0,3
2013-07-30,0.0,1
2013-07-31,-0.98459193110466,2
2013-08-01,0.33324478069941205,3
2013-08-05,0.0,2
2013-08-06,0.0,3
2013-08-07,0.0,4
2013-08-08,0.018141823155539378,7
2013-08-09,0.0,4
2013-08-12,-0.19993603229522705,5
2013-08-13,0.0,2
2013-08-14,0.0,1
2013-08-15,-0.33332109451293945,3
2013-08-16,0.14484376566750662,7
2013-08-19,-0.331292986869812,3
2013-08-20,0.0,2
2013-08-21,0.0,3
2013-08-22,0.0,3
2013-08-23,-0.4999496787786484,4
2013-08-26,-0.4045819938182831,2
2013-08-27,-0.4995187520980835,2
2013-08-28,-0.10900236666202545,4
2013-08-29,0.25,4
2013-08-30,-0.1942060887813568,4
2013-09-03,0.00019009411334991455,4
2013-09-04,-0.24758805334568024,4
2013-09-05,0.0,2
2013-09-06,0.0,5
2013-09-10,-0.2934570908546448,2
2013-09-11,0.24999836087226868,4
2013-09-12,0.0,2
2013-09-13,0.0,2
2013-09-16,0.4995773434638977,2
2013-09-17,0.01796962817509969,6
2013-09-18,0.7130275964736938,4
2013-09-19,0.0,5
2013-09-20,0.0,4
2013-09-23,0.08995698889096577,6
2013-09-24,-0.08719243109226227,4
2013-09-25,0.0,2
2013-09-26,0.0,1
2013-09-27,-0.24841411411762238,4
2013-09-30,0.1661326289176941,5
2013-10-01,-0.44411566853523254,2
2013-10-02,0.0,2
2013-10-03,0.0,1
2013-10-04,4.393713814871651e-06,7
2013-10-07,0.0,3
2013-10-08,0.9996063113212585,1
2013-10-09,-0.2802962859471639,3
2013-10-10,0.19999940395355226,5
2013-10-11,0.2660723427931468,6
2013-10-14,0.0,1
2013-10-15,0.0,5
2013-10-16,0.33286086718241376,3
2013-10-17,0.16640292604764303,6
2013-10-18,-0.3268279433250427,3
2013-10-22,-0.33302760124206543,3
2013-10-23,0.3333192666371663,3
2013-10-24,0.4928552210330963,2
2013-10-25,-0.1457498550415039,5
2013-10-28,0.6570288836956024,6
2013-10-29,0.48377011716365814,4
2013-10-30,0.0,4
2013-10-31,0.0,2
2013-11-01,0.0,2
2013-11-04,0.499996542930603,2
2013-11-05,0.0,4
2013-11-06,0.24999183416366577,4
2013-11-07,-0.037549724181493126,6
2013-11-08,0.0,5
2013-11-11,0.3240852157274882,3
2013-11-12,0.0,4
2013-11-13,0.38447253704071044,5
2013-11-14,0.1990911066532135,4
2013-11-15,0.0,2
2013-11-18,0.2499905526638031,4
2013-11-19,0.11556188762187958,4
2013-11-20,0.0,5
2013-11-21,0.32854634523391724,3
2013-11-22,-0.14611661434173584,6
2013-11-25,0.24669820070266724,3
2013-11-26,-0.18922059535980223,5
2013-11-27,0.24996644258499146,4
2013-12-02,0.49999964237213135,2
2013-12-03,0.0,1
2013-12-04,0.0,2
2013-12-05,0.0,1
2013-12-06,-0.49633127450942993,2
2013-12-09,0.31590429941813153,3
2013-12-10,0.453365425268809,3
2013-12-11,0.0,4
2013-12-12,0.16583853960037231,6
2013-12-13,0.0,6
2013-12-16,0.49999749660491943,2
2013-12-17,0.24983663856983185,4
2013-12-18,0.0,3
2013-12-19,0.33160120248794556,3
2013-12-20,-0.49687856435775757,2
2013-12-23,0.19985319375991822,5
2013-12-24,-0.2670491735140483,3
2013-12-30,0.0,2
2013-12-31,0.3328658541043599,6
2014-01-02,-0.3950003027915955,5
2014-01-03,0.0,1
2014-01-06,-0.3999964475631714,5
2014-01-07,0.16664564609527588,6
2014-01-08,0.0,2
2014-01-09,0.3333299160003662,3
2014-01-10,0.39538041353225706,5
2014-01-13,-0.5855784217516581,3
2014-01-15,0.0,3
2014-01-16,0.0,2
2014-01-17,-0.1334140400091807,6
2014-01-22,0.0,5
2014-01-23,0.0,4
2014-01-24,-0.44760262966156006,6
2014-01-27,0.0,1
2014-01-28,0.0,3
2014-01-30,0.49785739183425903,4
2014-01-31,-0.4850880324840546,5
2014-02-03,-0.5939267873764038,5
2014-02-04,0.0,2
2014-02-05,0.0,3
2014-02-06,0.33331412076950073,6
2014-02-07,-0.4891952574253082,2
2014-02-11,0.4080851177374522,6
2014-02-12,0.19999997615814208,5
2014-02-13,0.0,4
2014-02-14,0.4999716877937317,2
2014-02-18,0.0,2
2014-02-19,0.0,2
2014-02-20,0.16650904218355814,3
2014-02-21,-0.49931982159614563,2
2014-02-24,0.3330002824465434,3
2014-02-25,0.1762676239013672,3
2014-02-26,0.0,1
2014-02-27,0.4999958276748657,2
2014-02-28,-2.0606177193777902e-05,7
2014-03-03,0.0,3
2014-03-04,-0.24813997745513916,4
2014-03-05,0.0,1
2014-03-06,9.289979934692382e-05,5
2014-03-07,-0.13094016313552856,5
2014-03-10,-0.5971687436103821,5
2014-03-11,-0.9797356128692627,1
2014-03-12,-0.4558245837688446,2
2014-03-13,-0.24999722838401794,4
2014-03-14,-0.19998247623443605,5
2014-03-17,0.10379527012507121,3
2014-03-18,-0.009954881668090821,5
2014-03-19,0.0,3
2014-03-21,0.3311146100362142,3
2014-03-24,0.0,2
2014-03-25,0.6302343209584554,3
2014-03-26,0.14194712468555995,7
2014-03-27,0.0,1
2014-03-28,0.0,3
2014-03-31,0.0,6
2014-04-01,0.1428570066179548,7
2014-04-02,0.0,4
2014-04-03,1.5894571940104166e-07,3
2014-04-04,-0.3330722252527873,3
2014-04-07,0.0,2
2014-04-08,0.0,1
2014-04-09,-0.3326217532157898,3
2014-04-10,0.0,1
2014-04-11,0.0,2
2014-04-14,0.0019761800765991213,5
2014-04-15,0.0,5
2014-04-16,0.0,1
2014-04-17,0.00011632839838663737,6
2014-04-21,0.0,4
2014-04-22,0.0,1
2014-04-23,0.333321491877238,3
2014-04-24,0.33315108219782513,3
2014-04-25,0.0,5
2014-04-28,0.15670034289360046,6
2014-04-29,0.0,1
2014-04-30,0.0,3
2014-05-01,0.0,1
2014-05-02,-0.1962639570236206,5
2014-05-05,0.0,4
2014-05-06,0.9100431799888611,1
2014-05-07,0.0717603365580241,6
2014-05-08,-0.19925096035003662,5
2014-05-09,-0.01562545696894328,3
2014-05-12,0.0,3
2014-05-13,0.3801748901605606,4
2014-05-14,0.0,4
2014-05-15,0.3998958468437195,5
2014-05-19,-0.19990851879119872,5
2014-05-20,0.0,2
2014-05-21,0.0,1
2014-05-22,0.0,3
2014-05-23,0.0164553097316197,7
2014-05-27,0.24747900664806366,4
2014-05-28,0.0,3
2014-05-29,0.00042364001274108887,6
2014-05-30,0.0,3
2014-06-02,0.1454265614350637,6
2014-06-03,0.25199274222056073,3
2014-06-04,0.999131977558136,1
2014-06-05,0.0,4
2014-06-06,0.08074042626789638,7
2014-06-09,0.2499161958694458,3
2014-06-10,0.0,4
2014-06-11,-0.6647742390632629,3
2014-06-12,0.0,4
2014-06-13,0.0,3
2014-06-16,0.4446863681077957,4
2014-06-17,0.0,2
2014-06-18,0.7739230513572692,5
2014-06-19,-0.11553860902786255,5
2014-06-20,8.424123128255209e-06,6
2014-06-23,-0.38387611508369446,2
2014-06-24,0.2479228377342224,4
2014-06-25,0.0,3
2014-06-26,0.0,2
2014-06-27,0.0,2
2014-06-30,0.9996917247772217,1
2014-07-01,-0.449603796005249,4
2014-07-02,0.19999978542327881,5
2014-07-03,0.3914198875427246,5
2014-07-07,0.0,1
2014-07-08,-0.1999151349067688,5
2014-07-09,-0.05505630373954773,2
2014-07-10,-0.26794954140981037,3
2014-07-11,0.0,2
2014-07-14,0.17913819551467897,5
2014-07-15,0.1332361176609993,8
2014-07-16,0.0,4
2014-07-17,0.15808197259902954,5
2014-07-18,0.0,1
2014-07-21,0.3908113479614258,5
2014-07-22,0.3999987363815308,5
2014-07-23,0.0,1
2014-07-24,0.0,1
2014-07-25,0.0006927847862243652,2
2014-07-28,0.9999997615814209,1
2014-07-29,-0.32939908901850384,3
2014-07-30,0.0,2
2014-07-31,-0.4792909026145935,4
2014-08-01,-1.780986785888672e-05,5
2014-08-04,0.0,1
2014-08-05,0.25466542442639667,6
2014-08-06,-0.987286388874054,1
2014-08-07,-0.3881585121154785,5
2014-08-08,0.1634434014558792,4
2014-08-11,0.5,2
2014-08-12,0.0,2
2014-08-13,0.13827768564224244,5
2014-08-14,0.14665348331133524,6
2014-08-15,0.0,3
2014-08-18,0.0,4
2014-08-19,0.1666534940401713,6
2014-08-20,0.0,3
2014-08-21,0.8993249237537384,2
2014-08-22,0.33258424202601117,3
2014-08-25,0.32148538033167523,3
2014-08-26,0.0,5
2014-08-28,-0.1348876158396403,6
2014-08-29,0.24998274445533752,4
2014-09-02,0.0,4
2014-09-03,-0.33333297570546466,3
2014-09-04,0.20292013883590698,2
2014-09-05,-0.327717920144399,3
2014-09-08,0.39998366832733157,5
2014-09-09,0.0,5
2014-09-10,-0.9966613054275513,1
2014-09-11,0.1443873882293701,5
2014-09-12,0.0,4
2014-09-15,0.0,1
2014-09-16,-0.14005850894110544,7
2014-09-17,0.0,4
2014-09-18,0.007062244415283203,5
2014-09-19,-0.1823100447654724,3
2014-09-23,7.3909759521484375e-06,4
2014-09-24,0.0,1
2014-09-25,-0.33333301544189453,3
2014-09-26,-0.6089023947715759,3
2014-09-29,0.49999821186065674,2
2014-09-30,-0.3327225049336751,6
2014-10-01,0.41459837555885315,4
2014-10-02,-0.333332101504008,6
2014-10-03,-0.49837103486061096,2
2014-10-06,-0.23788045346736908,4
2014-10-07,0.0,3
2014-10-08,0.0,3
2014-10-09,0.19999892711639405,5
2014-10-10,0.174573024113973,3
2014-10-13,-0.4999978542327881,2
2014-10-14,0.16666579246520996,6
2014-10-15,-0.12162955105304718,8
2014-10-17,0.0,1
2014-10-20,0.3333318630854289,3
2014-10-21,0.2397320568561554,4
2014-10-22,0.0,3
2014-10-23,0.28446256262915476,7
2014-10-24,0.0,2
2014-10-27,-0.18602023522059122,3
2014-10-28,0.04494015375773112,3
2014-10-29,0.3330855170885722,3
2014-10-30,0.4995191693305969,2
2014-10-31,0.9980826377868652,1
2014-11-03,-0.3102744420369466,3
2014-11-04,0.0,2
2014-11-05,0.11805596947669983,4
2014-11-06,0.0,4
2014-11-07,0.49025723338127136,2
2014-11-10,0.0765904039144516,4
2014-11-11,0.0,3
2014-11-12,-0.059116760889689125,3
2014-11-13,0.12962905849729264,7
2014-11-14,-0.24220697581768036,4
2014-11-17,0.9981203675270081,1
2014-11-18,0.0,3
2014-11-19,0.0,1
2014-11-20,0.12499727308750153,8
2014-11-21,0.33331016699473065,3
2014-11-24,0.3289873997370402,3
2014-11-25,0.0,1
2014-11-26,0.0,3
2014-11-28,0.24476972222328186,4
2014-12-01,0.0,5
2014-12-02,0.33333325386047363,3
2014-12-03,0.3331200182437897,6
2014-12-04,0.21142791211605072,4
2014-12-05,-0.0062934160232543945,3
2014-12-08,-0.49993830919265747,2
2014-12-09,-0.14324666559696198,4
2014-12-10,0.16666666666666666,6
2014-12-11,0.19997122287750244,5
2014-12-12,-0.33318541447321576,3
2014-12-15,0.0,2
2014-12-16,-0.4999891519546509,2
2014-12-17,0.3333328167597453,3
2014-12-18,0.0,5
2014-12-19,-0.24999824166297913,4
2014-12-22,-0.49021878838539124,2
2014-12-23,0.1993497610092163,5
2014-12-26,0.652745266755422,3
2014-12-29,0.9947707056999207,1
2014-12-30,-0.5673871239026388,3
2014-12-31,0.2830663578850882,7
2015-01-02,0.0,4
2015-01-05,0.4997555613517761,2
2015-01-06,0.0,4
2015-01-07,0.6666662693023682,3
2015-01-08,-0.249998539686203,4
2015-01-09,-0.2713456352551778,3
2015-01-12,0.0,1
2015-01-13,-0.3308873640166389,9
2015-01-14,0.0,5
2015-01-15,0.0,6
2015-01-16,0.0,3
2015-01-20,0.0,5
2015-01-21,0.0,2
2015-01-22,0.0,2
2015-01-23,0.0,1
2015-01-26,0.0,1
2015-01-27,3.981590270996094e-05,2
2015-01-28,0.0,2
2015-01-29,0.21678510308265686,4
2015-01-30,-0.24980705976486206,4
2015-02-02,-0.4999997019767761,2
2015-02-03,0.1666436791419983,6
2015-02-04,0.0,5
2015-02-05,-0.07215217749277751,6
2015-02-06,0.0,5
2015-02-09,0.49569982290267944,2
2015-02-10,0.0,6
2015-02-11,0.3332335948944092,3
2015-02-12,0.0,2
2015-02-13,0.11580953001976013,6
2015-02-17,0.0,1
2015-02-18,0.0,5
2015-02-19,0.39997406005859376,5
2015-02-20,0.5,2
2015-02-24,0.4877628982067108,4
2015-02-25,0.0,6
2015-02-26,0.0,2
2015-03-02,0.0,1
2015-03-03,0.9999998807907104,1
2015-03-04,0.0,3
2015-03-05,0.0,1
2015-03-06,0.9568690657615662,1
2015-03-09,0.0,2
2015-03-10,0.3657975345849991,4
2015-03-11,0.0,3
2015-03-12,0.0,3
2015-03-13,-0.3332985242207845,3
2015-03-16,0.39947086572647095,5
2015-03-17,0.022631573677062988,5
2015-03-18,-0.9998546838760376,1
2015-03-19,0.0,6
2015-03-23,0.0276300311088562,6
2015-03-24,0.0,4
2015-03-25,0.0,2
2015-03-26,-0.499475359916687,2
2015-03-27,0.0,4
2015-03-30,0.0,3
2015-04-01,0.24998456239700317,4
2015-04-02,0.0,4
2015-04-06,-0.24988962709903717,4
2015-04-07,0.0,1
2015-04-08,0.4983752518892288,4
2015-04-09,0.1997086763381958,5
2015-04-13,-0.5820631980895996,1
2015-04-14,0.6666533549626669,3
2015-04-15,0.3333181142807007,3
2015-04-16,-0.2499883472919464,4
2015-04-17,0.6656425992647806,3
2015-04-20,-0.49881625175476074,2
2015-04-21,-0.0005411624908447266,5
2015-04-22,0.0,1
2015-04-23,0.0,3
2015-04-24,0.24950779229402542,8
2015-04-27,-0.05720600485801697,2
2015-04-28,-0.13656680285930634,4
2015-04-29,0.0,4
2015-04-30,0.2,5
2015-05-01,0.26905035972595215,3
2015-05-04,-0.4976547062397003,2
2015-05-05,0.4988822340965271,2
2015-05-06,-0.16639883319536844,6
2015-05-07,0.0,4
2015-05-08,-0.4981597661972046,2
2015-05-11,0.47781598567962646,2
2015-05-12,-0.4337705373764038,2
2015-05-13,4.76837158203125e-07,3
2015-05-14,0.09422940015792847,6
2015-05-15,0.3333333333333333,3
2015-05-18,0.6604608694712321,3
2015-05-19,0.0,3
2015-05-20,-0.6651015082995096,3
2015-05-21,-0.05274889866511027,6
2015-05-22,-0.10256240516901016,4
2015-05-26,0.33331628640492755,3
2015-05-27,0.0,2
2015-05-28,0.0,1
2015-05-29,-0.49973490834236145,2
2015-06-01,0.07148408889770508,6
2015-06-02,-0.2498910129070282,4
2015-06-03,-0.33333297570546466,3
2015-06-04,0.0,2
2015-06-05,0.20449566841125488,4
2015-06-08,0.0,2
2015-06-09,0.19993815422058106,5
2015-06-10,0.004148930311203003,4
2015-06-11,-0.42921318113803864,4
2015-06-12,0.0,2
2015-06-15,-0.4859378933906555,2
2015-06-16,-0.1663271983464559,6
2015-06-17,0.0,2
2015-06-18,0.0,3
2015-06-19,0.19999969005584717,5
2015-06-22,0.5094624559084574,3
2015-06-23,0.143173485994339,4
2015-06-24,0.12499679625034332,8
2015-06-25,0.0,3
2015-06-26,0.0,3
2015-06-29,0.0,3
2015-06-30,-0.3330091635386149,3
2015-07-01,-0.10096513231595357,6
2015-07-02,0.6498161554336548,3
2015-07-06,0.3333118756612142,3
2015-07-07,-0.3568046987056732,2
2015-07-08,-0.4981158673763275,2
2015-07-09,0.0,2
2015-07-10,-0.0167691707611084,6
2015-07-13,0.31333645184834796,3
2015-07-14,0.3310082753499349,3
2015-07-15,0.3333170413970947,3
2015-07-16,0.5,2
2015-07-17,0.7572648823261261,2
2015-07-20,-0.3331722815831502,3
2015-07-21,0.49998509883880615,2
2015-07-22,0.0,4
2015-07-23,0.4996430575847626,2
2015-07-24,0.0,4
2015-07-27,0.0,2
2015-07-28,0.3312804301579793,3
2015-07-29,0.19999978542327881,5
2015-07-30,0.0,3
2015-07-31,-0.09385054111480713,5
2015-08-03,0.0,2
2015-08-04,-0.3660191098848979,3
2015-08-05,0.1999924898147583,5
2015-08-06,0.0,1
2015-08-07,-0.6657108664512634,3
2015-08-10,0.3267960548400879,3
2015-08-11,0.25,4
2015-08-12,-0.4652601331472397,4
2015-08-13,0.028128087520599365,4
2015-08-14,-0.39987542629241946,5
2015-08-17,-0.7060973644256592,1
2015-08-19,0.0,2
2015-08-20,-0.499624103307724,2
2015-08-21,-0.33332471052805585,3
2015-08-24,-0.08598688244819641,8
2015-08-25,-0.27784379039491924,7
2015-08-26,-0.19664039611816406,5
2015-08-28,0.0,4
2015-08-31,-0.3329620560010274,3
2015-09-01,-0.16431814432144165,3
2015-09-02,0.4993128776550293,2
2015-09-03,-0.3333261013031006,3
2015-09-04,-0.3331230680147807,3
2015-09-08,0.0,4
2015-09-09,-0.2114831805229187,3
2015-09-10,0.0,1
2015-09-11,0.0,3
2015-09-14,0.33305339018503827,3
2015-09-15,0.34004396200180054,5
2015-09-16,0.3429568409919739,2
2015-09-17,-0.2043809692064921,3
2015-09-18,0.4736340641975403,2
2015-09-21,0.3993653416633606,5
2015-09-22,-0.49999165534973145,2
2015-09-23,-0.15098971128463745,4
2015-09-24,0.49912799894809723,4
2015-09-25,-0.7127764821052551,4
2015-09-29,0.003218690554300944,3
2015-09-30,-0.9999908208847046,1
2015-10-01,-0.20252816379070282,4
2015-10-02,0.0,2
2015-10-05,-0.9999998807907104,1
2015-10-06,-0.42681844745363506,7
2015-10-07,0.0,4
2015-10-08,0.49678900837898254,4
2015-10-09,0.0,1
2015-10-12,-0.27840572595596313,3
2015-10-13,0.005799313386281331,3
2015-10-14,0.16666575272878012,6
2015-10-15,-0.28010302782058716,3
2015-10-16,-0.47604256868362427,4
2015-10-19,-0.3333057959874471,3
2015-10-20,0.0,4
2015-10-21,-0.3322310447692871,3
2015-10-22,0.0,3
2015-10-23,0.24999725818634033,4
2015-10-26,-0.24951964616775513,4
2015-10-27,0.3799639344215393,4
2015-10-28,0.07056216398874919,3
2015-10-29,0.4886973202228546,4
2015-10-30,0.0,2
2015-11-02,0.0,2
2015-11-03,-0.24948032200336456,4
2015-11-04,0.24891258776187897,4
2015-11-05,-0.49449586868286133,2
2015-11-06,0.0,4
2015-11-09,0.0,3
2015-11-10,0.0,2
2015-11-11,-0.2465606927871704,4
2015-11-12,0.0,1
2015-11-13,0.0,1
2015-11-16,-0.1571593165397644,5
2015-11-17,-0.49998176097869873,2
2015-11-18,-0.12824170078550065,7
2015-11-19,-0.499999463558197,2
2015-11-20,0.0,4
2015-11-23,-0.9997052550315857,1
2015-11-24,-0.24999436736106873,4
2015-11-25,-0.02573707274028233,7
2015-11-27,0.0,2
2015-11-30,0.4365788996219635,2
2015-12-01,0.30900394916534424,3
2015-12-02,0.24998408555984497,4
2015-12-03,-0.9999898672103882,1
2015-12-04,0.6650021274884542,3
2015-12-07,0.0,1
2015-12-08,0.1928585648536682,5
2015-12-09,-0.3325701157251994,3
2015-12-10,0.0,3
2015-12-11,-0.14284443855285645,7
2015-12-14,0.0,2
2015-12-15,0.0,6
2015-12-16,0.0015424291292826335,3
2015-12-17,0.0,5
2015-12-18,0.4429192543029785,6
2015-12-21,0.999042809009552,1
2015-12-22,-0.999985933303833,1
2015-12-23,0.4986780881881714,4
2015-12-24,0.0,3
2015-12-28,0.0,1
2015-12-30,0.0,2
2015-12-31,0.05919845402240753,8
2016-01-04,-0.4999999403953552,2
2016-01-05,-0.23105323314666748,4
2016-01-06,0.3333332935969035,3
2016-01-07,-0.24867676198482513,4
2016-01-08,-0.19984980821609497,5
2016-01-11,-0.3333271344502767,3
2016-01-12,0.3333333333333333,3
2016-01-13,0.5995982646942138,5
2016-01-14,0.1873946019581386,7
2016-01-15,0.989796777566274,3
2016-01-19,0.0,1
2016-01-20,0.15676546948296682,7
2016-01-21,-0.15714141726493835,6
2016-01-22,-0.3802422434091568,4
2016-01-25,-0.11555897444486618,4
2016-01-26,0.0,1
2016-01-27,0.0,4
2016-01-28,0.0,1
2016-01-29,0.14013190070788065,6
2016-02-01,0.0,1
2016-02-02,-0.19989771842956544,5
2016-02-03,0.0,1
2016-02-04,0.0,1
2016-02-05,-0.49976247549057007,2
2016-02-08,0.33333325386047363,3
2016-02-09,-0.14381685853004456,4
2016-02-10,-0.20961660146713257,4
2016-02-11,-0.1622042457262675,6
2016-02-12,-0.007702738046646118,4
2016-02-16,-0.49999648332595825,2
2016-02-17,0.20804266134897867,6
2016-02-19,0.0,1
2016-02-22,0.0,4
2016-02-23,-0.6583401958147684,3
2016-02-24,-0.4451719671487808,4
2016-02-25,0.9973300695419312,1
2016-02-26,0.0,3
2016-02-29,0.0,3
2016-03-01,-0.33896162509918215,5
2016-03-02,-0.2498595267534256,4
2016-03-03,-0.1979116996129354,3
2016-03-04,-0.33333325386047363,3
2016-03-07,0.0,4
2016-03-08,0.49978984892368317,4
2016-03-09,0.4999237060546875,4
2016-03-10,0.5569844841957092,3
2016-03-11,0.0,1
2016-03-14,0.0,4
2016-03-15,0.0,2
2016-03-16,0.4971351623535156,2
2016-03-17,0.0,1
2016-03-18,0.0,1
2016-03-22,0.4999997019767761,2
2016-03-23,-0.1790502905845642,5
2016-03-24,-0.16649259130160013,6
2016-03-28,0.0,4
2016-03-29,0.0,2
2016-03-30,0.0,4
2016-03-31,-0.2142935792605082,9
2016-04-01,0.0,2
2016-04-04,0.0,1
2016-04-05,-0.3867088556289673,5
2016-04-06,0.2481868863105774,3
2016-04-07,-0.33332590262095135,3
2016-04-08,0.49999988079071045,2
2016-04-11,0.0002124309539794922,4
2016-04-12,0.0,1
2016-04-13,-0.11200465474809919,7
2016-04-14,0.3333251078923543,3
2016-04-15,-0.49974653124809265,4
2016-04-18,0.3333309491475423,3
2016-04-19,0.3652585063661848,7
2016-04-20,0.0,1
2016-04-21,0.7681897163391114,5
2016-04-22,-1.7603238423665363e-05,3
2016-04-25,0.0,1
2016-04-26,0.3087714910507202,3
2016-04-27,0.0,2
2016-04-29,0.0,2
2016-05-02,-0.35679394006729126,2
2016-05-03,-0.4999995231628418,2
2016-05-04,-0.24997150897979736,4
2016-05-05,-0.24999955296516418,4
2016-05-06,0.0,3
2016-05-09,0.0,1
2016-05-10,-0.3159211277961731,3
2016-05-11,0.0,1
2016-05-12,-0.08806564410527547,3
2016-05-13,-0.4857132792472839,5
2016-05-16,0.0,3
2016-05-17,-0.33333245913187665,3
2016-05-18,0.19731383323669432,5
2016-05-19,0.0,1
2016-05-20,0.25,4
2016-05-23,0.0,5
2016-05-24,0.0,1
2016-05-25,0.14285714285714285,7
2016-05-26,0.0,2
2016-05-27,0.8184373378753662,1
2016-05-31,0.0,2
2016-06-01,-0.7499789595603943,4
2016-06-02,-0.49102479219436646,6
2016-06-03,-0.9816224873065948,2
2016-06-07,0.0,2
2016-06-08,0.33333321412404376,3
2016-06-09,-0.9977829158306122,2
2016-06-10,0.0,2
2016-06-13,-0.15881553888320923,5
2016-06-14,0.24877195060253143,4
2016-06-15,0.0,2
2016-06-16,0.019524335861206055,5
2016-06-17,0.0,4
2016-06-20,-0.44718611240386963,2
2016-06-21,0.0,3
2016-06-22,0.12560616433620453,8
2016-06-23,-0.3102942109107971,3
2016-06-24,-0.4837350944677989,6
2016-06-27,-0.175042986869812,4
2016-06-28,0.0,1
2016-06-29,0.16666664679845175,6
2016-06-30,0.24998363852500916,4
2016-07-01,-0.947555661201477,1
2016-07-05,-5.5571397145589195e-05,3
2016-07-06,0.4666753262281418,4
2016-07-07,-0.5805604338645936,5
2016-07-08,0.6666661103566488,3
2016-07-11,0.4708954691886902,6
2016-07-12,0.49998724460601807,4
2016-07-13,0.30037256081899005,3
2016-07-14,0.5995785117149353,5
2016-07-15,0.0,2
2016-07-18,0.0,2
2016-07-19,0.39613804817199705,5
2016-07-20,-0.24518120288848877,4
2016-07-21,0.0,2
2016-07-22,6.155669689178467e-05,4
2016-07-25,0.0,1
2016-07-26,-8.538365364074707e-05,4
2016-07-27,-0.19999988079071046,5
2016-07-28,0.2857089212962559,7
2016-07-29,-0.13506311178207397,3
2016-08-01,0.3454382022221883,3
2016-08-02,8.881092071533203e-06,2
2016-08-03,-0.3329695264498393,6
2016-08-04,-0.3333256244659424,3
2016-08-05,0.0,2
2016-08-08,0.24999722838401794,4
2016-08-09,0.007771670818328857,5
2016-08-11,-0.12652506430943808,6
2016-08-12,0.0,2
2016-08-15,-0.2514461874961853,2
2016-08-16,0.009685322642326355,4
2016-08-17,0.07291295131047566,6
2016-08-19,0.14285671710968018,14
2016-08-22,0.0,8
2016-08-29,-0.9075440764427185,1
2016-08-30,0.3332302172978719,3
2016-08-31,0.0,3
2016-09-01,0.0,1
2016-09-02,-8.344650268554688e-06,3
2016-09-06,0.0,3
2016-09-07,0.0,7
2016-09-08,0.0,2
2016-09-09,-0.3333025376001994,3
2016-09-12,0.3333333333333333,3
2016-09-13,0.0,2
2016-09-14,0.1505628705024719,5
2016-09-15,0.5537867546081543,1
2016-09-16,0.499996542930603,2
2016-09-19,0.331948459148407,6
2016-09-20,0.0,1
2016-09-21,0.24898850917816162,4
2016-09-22,0.9999204874038696,1
2016-09-23,0.014007434248924255,4
2016-09-26,0.0,1
2016-09-28,-0.2494238168001175,4
2016-09-29,2.7447938919067383e-05,4
2016-09-30,-0.05259405076503754,4
2016-10-03,0.0,5
2016-10-04,-0.0028448402881622314,4
2016-10-06,-0.24243979156017303,4
2016-10-07,-0.9943807721138,1
2016-10-10,0.0,1
2016-10-11,0.0,5
2016-10-12,0.8399329781532288,1
2016-10-13,0.0,3
2016-10-14,-0.33327064911524457,3
2016-10-17,0.0,1
2016-10-18,0.0,2
2016-10-19,0.0,3
2016-10-20,0.1406772562435695,7
2016-10-21,-0.2493547797203064,4
2016-10-24,-0.3333324193954468,3
2016-10-25,0.0,1
2016-10-26,0.08270222544670106,5
2016-10-27,0.0,3
2016-10-28,0.0,3
2016-10-31,0.0,3
2016-11-01,0.33229772249857586,3
2016-11-02,0.4999964237213135,2
2016-11-03,0.2063774069150289,3
2016-11-04,-0.1262593354497637,7
2016-11-07,0.0,3
2016-11-08,0.0,3
2016-11-09,-0.10820522573259142,9
2016-11-10,0.47913509607315063,2
2016-11-11,-0.49998804926872253,4
2016-11-14,0.4999641180038452,2
2016-11-15,0.0,2
2016-11-16,-0.4570915997028351,2
2016-11-17,0.0,3
2016-11-18,0.0,2
2016-11-21,0.0,3
2016-11-22,0.46693284809589386,4
2016-11-23,0.02000833551088969,6
2016-11-25,0.0,1
2016-11-28,0.39210309088230133,4
2016-11-29,-0.8432016968727112,1
2016-11-30,-0.1999948263168335,5
2016-12-01,0.33329959710439044,3
2016-12-02,-0.442507341504097,4
2016-12-05,-1.239776611328125e-06,5
2016-12-06,-0.33293310801188153,3
2016-12-07,0.4552440345287323,4
2016-12-08,0.0,3
2016-12-09,-0.4296349287033081,2
2016-12-12,0.49999988079071045,2
2016-12-13,0.009941160678863525,4
2016-12-14,-0.19981013536453246,5
2016-12-15,-0.4999900460243225,2
2016-12-16,-0.03154098987579346,4
2016-12-19,0.4270908534526825,4
2016-12-20,-0.9999427795410156,1
2016-12-21,0.05278168121973673,3
2016-12-22,0.0,3
2016-12-23,0.0,2
2016-12-27,0.0,3
2016-12-28,0.49989476799964905,2
2016-12-29,0.0,1
2016-12-30,0.8279783328374227,6
2017-01-03,0.24479429423809052,4
2017-01-04,0.0,5
2017-01-05,0.5,2
2017-01-06,0.9999995231628418,1
2017-01-10,-0.973139762878418,1
2017-01-11,0.0,5
2017-01-12,0.0,1
2017-01-13,0.0,1
2017-01-17,0.0,1
2017-01-18,0.4053486943244934,5
2017-01-19,0.49997133016586304,2
2017-01-20,0.3982012629508972,5
2017-01-23,0.0,3
2017-01-24,-0.654030442237854,3
2017-01-25,0.39963436126708984,5
2017-01-26,0.0,4
2017-01-27,0.24989871680736542,4
2017-01-31,0.33332280317942303,3
2017-02-01,-0.008578941226005554,4
2017-02-02,0.9641674757003784,1
2017-02-03,-0.9675037264823914,2
2017-02-06,-0.33650797605514526,2
2017-02-07,-0.0036199241876602173,4
2017-02-08,-0.4997369945049286,2
2017-02-09,0.0,5
2017-02-10,-0.4987840950489044,2
2017-02-13,0.0,2
2017-02-14,0.0,1
2017-02-15,-0.3639475703239441,2
2017-02-16,0.0,3
2017-02-17,0.0,4
2017-02-21,0.0,2
2017-02-22,0.11402615904808044,4
2017-02-23,0.0,3
2017-02-24,0.4224642515182495,2
2017-02-27,-0.3018271128336589,3
2017-02-28,0.49999934434890747,2
2017-03-01,-0.23320907354354858,4
2017-03-03,0.000258713960647583,2
2017-03-06,0.0,3
2017-03-07,0.18774738907814026,4
2017-03-08,0.19999828338623046,5
2017-03-09,0.0,4
2017-03-10,0.0,2
2017-03-13,0.23863133192062377,5
2017-03-14,0.0027324557304382324,3
2017-03-16,0.002103954553604126,4
2017-03-17,0.0,3
2017-03-20,0.4999026656150818,4
2017-03-21,-0.5654545625050863,3
2017-03-22,-0.023214519023895264,4
2017-03-23,0.0,1
2017-03-24,-0.4999645948410034,2
2017-03-27,0.7406169027090073,4
2017-03-28,0.0,1
2017-03-29,0.14260268211364746,7
2017-03-30,0.0,1
2017-03-31,0.9999933242797852,1
2017-04-03,-0.5833203196525574,3
2017-04-04,0.24999457597732544,4
2017-04-05,-0.28583425283432007,7
2017-04-06,-0.24999964237213135,4
2017-04-07,0.33329490820566815,3
2017-04-10,0.0,3
2017-04-11,-0.2723538279533386,2
2017-04-12,0.21750135719776154,4
2017-04-13,0.2478732317686081,4
2017-04-17,0.0,2
2017-04-18,-0.24999892711639404,4
2017-04-19,0.0,2
2017-04-20,0.0,3
2017-04-21,-0.499994695186615,2
2017-04-24,0.6385709245999655,3
2017-04-25,-0.331401248772939,3
2017-04-26,0.022638761997222902,5
2017-04-27,0.0,1
2017-04-28,0.25,4
2017-05-02,-0.3316204746564229,3
2017-05-03,0.1666109561920166,6
2017-05-04,0.4999999403953552,2
2017-05-05,0.0,2
2017-05-08,0.24998366832733154,4
2017-05-09,0.3328065077463786,3
2017-05-10,0.25,4
2017-05-11,0.0,1
2017-05-12,0.0,1
2017-05-15,-0.2015237957239151,4
2017-05-16,-0.3829696476459503,4
2017-05-17,-0.1284738608769008,7
2017-05-18,-0.5011878808339437,3
2017-05-22,-0.2473226636648178,4
2017-05-23,0.0,3
2017-05-24,0.19134026765823364,5
2017-05-30,0.5996515154838562,5
2017-05-31,0.0,3
2017-06-01,0.0,3
2017-06-02,-0.6666251023610433,3
2017-06-05,-0.6557239294052124,3
2017-06-07,-0.4998221695423126,4
2017-06-08,0.0,2
2017-06-09,0.0,1
2017-06-12,-0.21977472305297852,6
2017-06-13,0.3883716719491141,7
2017-06-14,0.0,1
2017-06-15,0.0,3
2017-06-16,0.0,2
2017-06-19,0.5,2
2017-06-20,0.034476896127065025,3
2017-06-21,0.0,5
2017-06-22,0.0,6
2017-06-23,0.49723634123802185,4
2017-06-26,0.17620920141537985,3
2017-06-27,0.39947158098220825,5
2017-06-28,-0.9639983773231506,1
2017-06-29,0.08917184919118881,4
2017-06-30,0.0,1
2017-07-03,0.0,2
2017-07-05,2.30868657430013e-05,6
2017-07-06,0.0,4
2017-07-07,0.49999547004699707,2
2017-07-10,-0.545772135257721,5
2017-07-11,0.49999767541885376,2
2017-07-12,0.1456437905629476,3
2017-07-13,-0.9926421046257019,1
2017-07-14,-0.49989256262779236,2
2017-07-17,0.0,2
2017-07-18,-0.9999936819076538,1
2017-07-19,0.0,2
2017-07-20,0.075149667263031,5
2017-07-24,0.0,1
2017-07-25,0.9999998807907104,1
2017-07-26,0.0,1
2017-07-27,0.0,1
2017-07-28,0.0,2
2017-07-31,-0.20526915788650513,3
2017-08-01,-0.23455274105072021,4
2017-08-02,0.0,2
2017-08-03,0.5,2
2017-08-04,0.0,1
2017-08-07,-0.8828018307685852,2
2017-08-08,-0.15924310684204102,5
2017-08-09,0.0,5
2017-08-10,0.7411742210388184,4
2017-08-14,0.0,4
2017-08-16,0.053794801235198975,4
2017-08-17,-0.19999616146087645,5
2017-08-18,0.0,4
2017-08-21,2.1159648895263672e-05,2
2017-08-22,-0.24999451637268066,4
2017-08-23,0.32168954610824585,3
2017-08-24,-0.24998551607131958,4
2017-08-28,6.532669067382812e-06,5
2017-08-30,0.3333198626836141,3
2017-08-31,-0.4712902903556824,4
2017-09-01,-0.9951907396316528,1
2017-09-05,0.0,1
2017-09-06,0.0,6
2017-09-07,0.0,4
2017-09-08,0.39754089117050173,5
2017-09-11,0.9999995231628418,1
2017-09-12,0.1948364774386088,3
2017-09-13,0.9999996423721313,1
2017-09-14,1.0,1
2017-09-15,-0.2499995231628418,4
2017-09-18,-0.999210000038147,1
2017-09-19,0.4913634657859802,2
2017-09-20,0.9998882114887238,2
2017-09-21,-0.6099971532821655,1
2017-09-22,-0.3500593423843384,5
2017-09-25,-0.9996084570884705,1
2017-09-26,-0.061496078968048096,4
2017-09-27,0.0,5
2017-09-28,0.9999943971633911,1
2017-09-29,0.6340842545032501,4
2017-10-02,-0.4998994767665863,2
2017-10-03,0.11299272378285725,3
2017-10-04,0.0,1
2017-10-05,0.9999418258666992,1
2017-10-06,0.0016058236360549927,4
2017-10-09,0.4529808759689331,6
2017-10-10,-0.35729190707206726,2
2017-10-11,0.0,6
2017-10-12,0.0,2
2017-10-13,-0.5763935685157776,5
2017-10-16,-0.3333332935969035,3
2017-10-17,-0.2719476819038391,2
2017-10-18,0.0,1
2017-10-19,-0.41658881306648254,2
2017-10-20,-0.48199355602264404,2
2017-10-23,0.2513320744037628,6
2017-10-24,3.7276744842529296e-05,5
2017-10-25,0.2290886491537094,4
2017-10-27,0.23796769976615906,4
2017-10-30,-0.4999536871910095,2
2017-10-31,0.3333332935969035,3
2017-11-01,0.0,2
2017-11-02,0.0,2
2017-11-03,-0.4999997019767761,2
2017-11-06,0.26138284376689364,7
2017-11-07,0.0,3
2017-11-08,0.10241124033927917,4
2017-11-09,0.32663244009017944,6
2017-11-10,0.0,1
2017-11-13,-0.33322465419769287,3
2017-11-14,0.009962165355682373,5
2017-11-15,0.0,4
2017-11-16,0.29558602968851727,3
2017-11-20,0.0,3
2017-11-21,0.0,3
2017-11-22,0.4999546408653259,2
2017-11-24,0.0,1
2017-11-29,0.6665782729784647,3
2017-11-30,0.0,1
2017-12-04,-0.09064922730127971,6
2017-12-05,0.33096466461817425,3
2017-12-06,0.0,1
2017-12-07,0.24988718330860138,4
2017-12-08,0.4453541437784831,3
2017-12-11,-0.24984899163246155,4
2017-12-18,0.0,2
2017-12-19,0.26282377541065216,4
2017-12-20,-0.24285350739955902,4
2017-12-21,0.2477957159280777,4
2017-12-22,0.3333308696746826,3
2017-12-26,0.3333333333333333,3
2017-12-27,0.9995952248573303,1
2017-12-28,-0.15351937214533487,6
2017-12-29,0.6650809049606323,3
2018-01-02,0.1380104555024041,9
2018-01-03,0.16644328832626343,6
2018-01-04,0.0,2
2018-01-05,0.4999433755874634,2
2018-01-08,0.07601664463678996,6
2018-01-09,0.6663419405619303,3
2018-01-10,0.4999922513961792,2
2018-01-12,-0.18129845460255942,3
2018-01-16,0.21892417967319489,4
2018-01-17,0.3333332935969035,3
2018-01-18,0.0,2
2018-01-19,0.0,3
2018-01-22,-0.11558388670285542,6
2018-01-23,0.44701744616031647,4
2018-01-24,0.4570329189300537,2
2018-01-25,0.9986949563026428,1
2018-01-26,0.0005856156349182129,6
2018-01-29,0.0,2
2018-01-30,0.3717005337987627,7
2018-01-31,-0.6662996212641398,3
2018-02-01,0.19981694221496582,5
2018-02-02,-0.14197642462594168,7
2018-02-05,-0.7499243766069412,4
2018-02-06,-0.31805484493573505,6
2018-02-07,0.24821288883686066,4
2018-02-08,-0.44070620834827423,4
2018-02-09,-0.3333126703898112,3
2018-02-12,0.16615779201189676,6
2018-02-13,0.3333332935969035,3
2018-02-14,0.0,1
2018-02-15,0.7447800517082215,5
2018-02-16,0.24431222677230835,4
2018-02-20,-0.0007560551166534424,2
2018-02-21,0.0,1
2018-02-22,-0.3254624009132385,3
2018-02-23,0.4999997615814209,2
2018-02-26,0.4900975227355957,2
2018-02-27,-0.9997249245643616,1
2018-02-28,-0.4949683427810669,5
2018-03-01,0.24999994039535522,4
2018-03-02,0.4955129325389862,2
2018-03-05,0.0,2
2018-03-06,0.16633416215578714,6
2018-03-07,0.0,3
2018-03-08,0.3333326578140259,3
2018-03-09,-0.16676024595896402,3
2018-03-12,0.0,5
2018-03-13,-0.13597384095191956,4
2018-03-14,-0.5649208625157675,3
2018-03-15,0.0,2
2018-03-16,0.0,1
2018-03-19,0.0,2
2018-03-20,0.0,3
2018-03-21,0.3324431578318278,3
2018-03-22,0.0,2
2018-03-23,0.0,1
2018-03-26,0.9688344399134318,3
2018-03-27,0.0,2
2018-03-28,-0.6569261352221171,3
2018-03-29,2.6941299438476562e-05,4
2018-04-02,-0.4159047454595566,4
2018-04-03,0.16594237089157104,6
2018-04-04,0.0,2
2018-04-05,0.49999991059303284,4
2018-04-06,0.0,2
2018-04-09,0.31248629093170166,3
2018-04-10,0.1427996073450361,7
2018-04-11,-0.24997374415397644,4
2018-04-12,0.0,1
2018-04-13,0.5330661137898763,3
2018-04-16,0.2600748340288798,6
2018-04-17,-0.24908237159252167,4
2018-04-18,-0.3333292007446289,3
2018-04-19,0.0,2
2018-04-23,0.15203487873077393,3
2018-04-24,0.3332776228586833,3
2018-04-25,0.1607561469078064,5
2018-04-26,-0.32727118333180744,3
2018-04-27,-0.015216092268625895,3
2018-04-30,0.25,4
2018-05-01,0.0,1
2018-05-02,0.49993425607681274,2
2018-05-03,0.0,4
2018-05-04,0.0,3
2018-05-07,0.0,3
2018-05-08,0.0,1
2018-05-09,0.974017858505249,2
2018-05-10,-0.4991631805896759,2
2018-05-11,0.4999999403953552,2
2018-05-14,-0.19068823754787445,4
2018-05-15,0.0,1
2018-05-16,0.33318426211675006,3
2018-05-17,0.4999978542327881,4
2018-05-18,0.4999975562095642,2
2018-05-21,0.31476539373397827,5
2018-05-22,0.399509859085083,5
2018-05-23,0.0,1
2018-05-24,-0.4999469518661499,2
2018-05-25,0.4999999403953552,2
2018-05-29,0.23970693349838257,4
2018-05-30,0.0,1
2018-05-31,-0.9999974966049194,1
2018-06-01,0.24999472498893738,4
2018-06-04,0.0,3
2018-06-05,0.39258647958437604,6
2018-06-06,-0.9997071623802185,1
2018-06-07,0.4999951124191284,2
2018-06-08,0.22010621428489685,4
2018-06-11,0.0,1
2018-06-12,-0.33333321412404376,3
2018-06-13,0.24999991059303284,4
2018-06-14,0.3333332935969035,3
2018-06-15,-0.4999202489852905,4
2018-06-18,-0.33333122730255127,3
2018-06-19,0.0,2
2018-06-20,0.0,5
2018-06-21,0.0,1
2018-06-22,-0.49999409914016724,2
2018-06-25,0.0,1
2018-06-26,0.9999288320541382,1
2018-06-27,0.0,3
2018-06-28,-0.3069527745246887,2
2018-07-02,0.4973351061344147,4
2018-07-03,-5.7220458984375e-06,3
2018-07-05,0.9464752376079559,2
2018-07-06,0.49921183784802753,6
2018-07-09,0.0011002222696940105,3
2018-07-10,0.14289175612585886,7
2018-07-11,0.04812929034233093,2
2018-07-12,0.016986191272735596,2
2018-07-13,-0.4999113380908966,2
2018-07-16,-0.14195696796689714,7
2018-07-17,0.0,3
2018-07-18,0.4999905228614807,2
2018-07-19,-0.48874083161354065,2
2018-07-20,0.0,3
2018-07-23,0.0,2
2018-07-24,-0.4813387989997864,2
2018-07-25,-0.9960795044898987,1
2018-07-26,-0.19998664855957032,5
2018-07-27,0.24999958276748657,4
2018-07-30,0.4865857124328613,10
2018-07-31,0.49998215834299725,6
2018-08-01,0.0689120093981425,3
2018-08-02,0.0,2
2018-08-03,0.0,2
2018-08-06,0.0,5
2018-08-07,0.44503013292948407,3
2018-08-08,0.49990227818489075,2
2018-08-09,-0.19994629621505738,5
2018-08-10,0.0,3
2018-08-13,-0.11779250701268514,3
2018-08-14,0.4966249316930771,4
2018-08-15,0.0,3
2018-08-16,0.0,3
2018-08-20,0.0,2
2018-08-21,0.24202164014180502,9
2018-08-22,0.5997940063476562,5
2018-08-23,0.6666504144668579,3
2018-08-24,-0.23542243242263794,4
2018-08-27,0.0,3
2018-08-28,0.39757790565490725,5
2018-08-29,-0.991996963818868,3
2018-08-30,0.9997883439064026,1
2018-08-31,0.0,3
2018-09-04,-0.016170849402745564,6
2018-09-05,-0.39974246025085447,5
2018-09-06,0.5,2
2018-09-07,1.0,1
2018-09-10,0.0,1
2018-09-11,0.00040209293365478516,5
2018-09-12,0.7497437298297882,4
2018-09-13,0.0,1
2018-09-14,0.0,2
2018-09-17,0.07801871498425801,6
2018-09-19,-0.2279123067855835,2
2018-09-20,0.4454817771911621,2
2018-09-21,0.4000553250312805,5
2018-09-24,0.0,1
2018-09-26,-0.48782141009966534,3
2018-09-27,-0.2499995231628418,4
2018-09-28,0.007704794406890869,2
2018-10-01,0.27958935499191284,6
2018-10-02,0.9998455047607422,1
2018-10-03,0.0,5
2018-10-04,0.0,1
2018-10-08,0.0,1
2018-10-09,0.0,3
2018-10-10,-0.47207701206207275,6
2018-10-11,-0.7391795367002487,4
2018-10-12,0.0029577314853668213,4
2018-10-15,6.437301635742188e-07,5
2018-10-16,-0.49738094210624695,2
2018-10-17,-0.49817267060279846,2
2018-10-18,0.24999848008155823,4
2018-10-19,-0.3330903649330139,3
2018-10-22,0.0,4
2018-10-23,0.0,4
2018-10-24,-0.31412368161337717,7
2018-10-25,-0.2772398789723714,3
2018-10-26,-0.0009401241938273112,3
2018-10-29,-0.3996535658836365,5
2018-10-30,0.5930047631263733,5
2018-10-31,-0.1964561939239502,5
2018-11-01,0.0,1
2018-11-02,0.0,1
2018-11-05,-0.355881929397583,2
2018-11-06,0.24999088048934937,4
2018-11-07,-0.19947017431259156,5
2018-11-08,0.3333332935969035,3
2018-11-12,-0.19871000051498414,5
2018-11-13,0.9999997615814209,1
2018-11-14,0.0,6
2018-11-15,-0.16336119174957275,4
2018-11-16,0.0,1
2018-11-19,-0.2971695916993277,7
2018-11-20,-0.2625117003917694,4
2018-11-21,-0.33333150545756024,3
2018-11-23,0.0,1
2018-11-26,0.16666666666666666,6
2018-11-27,0.24956272542476654,4
2018-11-28,0.0,2
2018-11-29,-0.18545815944671631,5
2018-11-30,-0.4999898076057434,2
2018-12-03,0.0,2
2018-12-04,-0.5968654751777649,5
2018-12-06,0.1402068336804708,6
2018-12-07,0.0,1
2018-12-10,0.0,1
2018-12-11,0.0031841516494750975,5
2018-12-12,0.20016701221466066,5
2018-12-13,0.17979968786239625,5
2018-12-14,-0.9883937835693359,2
2018-12-17,-0.5972867131233215,5
2018-12-18,-0.14146178109305246,7
2018-12-19,-0.49988409876823425,2
2018-12-20,-0.3255826234817505,6
2018-12-21,-0.12240938345591228,6
2018-12-24,0.012499868869781494,4
2018-12-26,0.22222216924031576,9
2018-12-27,0.06595829129219055,6
2018-12-28,-0.8719995419184366,3
2018-12-31,-0.405632124227636,17
2019-01-02,0.2857142857142857,14
2019-01-03,0.3983762860298157,10
2019-01-04,0.14420099258422853,10
2019-01-07,-0.004690885543823242,6
2019-01-08,0.19991101026535035,10
2019-01-09,-0.37439531087875366,10
2019-01-10,0.4834478497505188,4
2019-01-11,0.3332115908463796,12
2019-01-14,-0.24929295480251312,8
2019-01-15,-0.9824272990226746,2
2019-01-16,0.0,4
2019-01-17,0.0,8
2019-01-18,-0.12815770932606288,14
2019-01-22,-0.24996185302734375,8
2019-01-23,0.6656532088915507,6
2019-01-24,0.17811153332392374,6
2019-01-25,0.0,6
2019-01-28,0.0,4
2019-01-29,0.0,4
2019-01-30,0.2088407650589943,16
2019-01-31,0.374255383014679,10
2019-02-01,-0.3333323399225871,6
2019-02-04,-0.4614228904247284,4
2019-02-05,0.032866597175598145,12
2019-02-06,-0.45539380609989166,8
2019-02-07,0.49997586011886597,4
2019-02-08,-0.33331048488616943,6
2019-02-11,0.19742584228515625,6
2019-02-12,6.604194641113281e-06,10
2019-02-13,-0.0004941054752894811,14
2019-02-14,1.8278757731119792e-06,6
2019-02-15,-0.49999964237213135,4
2019-02-19,-0.22769800821940103,6
2019-02-20,0.19854222536087035,10
2019-02-21,0.24539324641227722,8
2019-02-22,0.9999996423721313,2
2019-02-25,-0.19549975395202637,10
2019-02-26,-0.09591471403837204,8
2019-02-27,0.3731412053108215,10
2019-02-28,-0.49140506982803345,4
2019-03-01,0.1984265089035034,10
2019-03-04,-0.48381420969963074,4
2019-03-05,0.2482283115386963,10
2019-03-06,-0.9999910593032837,2
2019-03-07,0.11566604673862457,8
2019-03-08,0.2467147707939148,8
2019-03-11,0.14753761887550354,6
2019-03-12,0.9999973773956299,2
2019-03-13,-0.3989903450012207,10
2019-03-14,0.0,6
2019-03-15,0.058150453226906915,14
2019-03-18,0.006732384363810222,12
2019-03-19,-0.5247838497161865,2
2019-03-21,0.4999971389770508,4
2019-03-22,-0.9999964237213135,2
2019-03-25,0.3998733878135681,10
2019-03-26,0.9997961223125458,4
2019-03-27,0.0,2
2019-03-28,-0.4967814087867737,4
2019-03-29,0.3998638391494751,10
2019-04-01,0.20032559633255004,10
2019-04-02,-0.31422879298528034,6
2019-04-03,0.0,8
2019-04-04,0.0,6
2019-04-05,0.9999953508377075,2
2019-04-08,0.3899511218070984,10
2019-04-09,0.24981500208377838,8
2019-04-10,0.9999641180038452,2
2019-04-11,0.0,4
2019-04-12,0.0,6
2019-04-15,-0.49963828921318054,4
2019-04-16,0.0,2
2019-04-17,0.5,4
2019-04-18,0.6358265280723572,4
2019-04-22,0.9999958276748657,2
2019-04-23,-0.1099564790725708,10
2019-04-24,0.2490408569574356,8
2019-04-25,-0.4943426847457886,8
2019-04-26,0.3331342538197835,6
2019-04-29,0.4990200400352478,8
2019-04-30,0.3333332935969035,6
2019-05-01,-0.5382805466651917,6
2019-05-02,-0.45198607444763184,8
2019-05-03,-0.5033924182256063,6
2019-05-06,0.24999991059303284,8
2019-05-07,-0.11560420989990235,10
2019-05-08,-0.10781408548355102,10
2019-05-09,-0.3264436920483907,6
2019-05-10,0.0,6
2019-05-13,0.0,6
2019-05-14,-0.20255534648895263,10
2019-05-15,0.00017143785953521729,8
2019-05-16,0.9999972979227701,6
2019-05-17,0.0,4
2019-05-20,-0.19974057674407958,10
2019-05-21,-0.5359839797019958,2
2019-05-22,9.5367431640625e-07,12
2019-05-23,-0.33313655853271484,6
2019-05-24,0.2397730052471161,8
2019-05-28,-0.10526582598686218,6
2019-05-29,0.2096614440282186,6
2019-05-30,-0.0002580682436625163,6
2019-05-31,0.0,2
2019-06-03,-0.330530305703481,12
2019-06-04,0.0,2
2019-06-05,0.4963673949241638,8
2019-06-06,0.0,2
2019-06-07,0.29189053177833557,10
2019-06-10,0.27218314409255984,10
2019-06-11,0.3999950885772705,10
2019-06-12,0.0,2
2019-06-13,0.054375302791595456,10
2019-06-17,0.4999955892562866,4
2019-06-18,0.0,2
2019-06-19,0.3332458833853404,12
2019-06-20,0.33321770032246906,6
2019-06-21,-0.3329305450121562,6
2019-06-24,0.13945043087005615,6
2019-06-25,-0.07717034593224525,32
2019-06-26,0.0,4
2019-06-27,-0.9999982118606567,2
2019-06-28,0.3769543468952179,8
2019-07-01,0.16676467657089233,12
2019-07-02,0.9999953508377075,2
2019-07-03,0.7497006803750992,8
2019-07-05,-0.49999529123306274,4
2019-07-08,-0.18675299485524496,12
2019-07-10,-0.2492189034819603,16
2019-07-11,0.9381766319274902,2
2019-07-12,0.017252475023269653,4
2019-07-15,0.478738268216451,6
2019-07-16,0.0,2
2019-07-17,-0.24993009865283966,8
2019-07-18,0.0,2
2019-07-19,-0.3998467683792114,10
2019-07-22,0.0,8
2019-07-23,0.0009456872940063477,4
2019-07-24,-0.33333317438761395,6
2019-07-25,0.0,10
2019-07-26,0.49997591972351074,12
2019-07-29,0.999826967716217,2
2019-07-30,0.1771388292312622,10
2019-07-31,0.0,2
2019-08-01,-0.49973824620246887,8
2019-08-02,-0.33333003520965576,6
2019-08-05,-0.4993664026260376,8
2019-08-06,0.333238422870636,6
2019-08-07,-0.3504393015589033,14
2019-08-08,-0.49999529123306274,4
2019-08-09,-0.23871871829032898,8
2019-08-12,0.0,4
2019-08-13,-0.3333331346511841,6
2019-08-14,-0.249822735786438,8
2019-08-15,-0.6645797292391459,6
2019-08-16,0.0,2
2019-08-19,0.3333306709925334,6
2019-08-20,0.0,10
2019-08-21,0.24999016523361206,8
2019-08-22,-0.3333277702331543,6
2019-08-23,0.0,6
2019-08-26,0.24995549023151398,8
2019-08-27,-0.45360440015792847,4
2019-08-28,0.24999895691871643,8
2019-08-29,0.33323798576990765,6
2019-08-30,0.2418600618839264,8
2019-09-03,-0.34850295782089236,10
2019-09-04,0.19871809482574462,10
2019-09-05,-0.4999997019767761,4
2019-09-06,0.49999868869781494,4
2019-09-09,0.5908953547477722,10
2019-09-10,0.0,4
2019-09-11,0.39993025064468385,10
2019-09-12,-0.003810793161392212,12
2019-09-13,0.0,4
2019-09-16,-0.0004768967628479004,6
2019-09-17,0.0,4
2019-09-18,0.0,6
2019-09-19,0.2697462538878123,12
2019-09-20,-0.4840866029262543,4
2019-09-23,0.5490595579147339,10
2019-09-24,0.2919226785500844,12
2019-09-25,0.0,10
2019-09-26,-0.2612159649531047,6
2019-09-27,0.6650814811388651,6
2019-09-30,-0.19993407726287843,10
2019-10-01,0.16654902696609497,12
2019-10-02,0.1440890908241272,10
2019-10-03,-0.3333328167597453,6
2019-10-04,0.0,4
2019-10-07,-0.507006307442983,12
2019-10-08,0.0,6
2019-10-09,0.6586558818817139,6
2019-10-10,0.33332820733388263,6
2019-10-11,0.14285666601998465,14
2019-10-14,-0.48931774497032166,4
2019-10-15,0.18039662639300028,12
2019-10-16,0.6666662693023682,6
2019-10-17,0.6634723742802938,6
2019-10-18,0.006448527177174886,6
2019-10-21,2.6226043701171877e-07,10
2019-10-23,0.0,4
2019-10-24,0.0,4
2019-10-25,-0.3131989737351735,12
2019-10-28,0.6168409254815843,18
2019-10-29,0.32404522101084393,6
2019-10-30,0.5999983549118042,10
2019-10-31,0.0,6
2019-11-01,0.33288757668601143,18
2019-11-04,0.0,6
2019-11-05,0.24864685535430908,8
2019-11-06,0.1605005363623301,12
2019-11-07,0.24999988079071045,8
2019-11-08,0.19999430179595948,10
2019-11-11,0.0,4
2019-11-12,-0.37545712292194366,8
2019-11-13,-0.13045665621757507,8
2019-11-14,0.33333321412404376,6
2019-11-15,0.7496336847543716,8
2019-11-18,0.32365594307581586,12
2019-11-19,0.438315212726593,4
2019-11-20,0.4999997019767761,4
2019-11-21,0.19999544620513915,10
2019-11-22,-0.9994770884513855,2
2019-11-25,0.49954698979854584,8
2019-11-26,0.10547031462192535,8
2019-11-27,0.24790281057357788,6
2019-11-29,0.0,2
2019-12-02,-0.2640024083001273,14
2019-12-03,0.0,2
2019-12-04,-0.025557259718577068,6
2019-12-05,0.4983026087284088,8
2019-12-06,0.0,4
2019-12-09,-0.00028865039348602295,8
2019-12-10,0.0,8
2019-12-11,-0.23308459917704263,6
2019-12-12,-0.28093284368515015,8
2019-12-13,0.25,8
2019-12-16,3.0716260274251304e-05,6
2019-12-17,0.571406090259552,10
2019-12-18,0.4286165067127773,14
2019-12-19,-0.361171692609787,4
2019-12-20,0.6144969910383224,16
2019-12-23,0.45452558452432806,22
2019-12-24,0.0,4
2019-12-26,0.28569771562303814,14
2019-12-27,0.6666438182195028,6
2019-12-30,0.7516504406929017,10
2019-12-31,0.35649103777749197,28
2020-01-02,-0.3971634268760681,5
2020-01-03,0.36087628205617267,9
2020-01-06,0.39999749660491946,5
2020-01-07,0.003612533211708069,4
2020-01-08,0.0,6
2020-01-09,-0.43555857454027447,7
2020-01-10,0.33169613281885785,3
2020-01-13,0.0,4
2020-01-14,0.4268339787210737,7
2020-01-15,0.28571271896362305,7
2020-01-16,0.4722732678055763,8
2020-01-17,0.2987207233905792,5
2020-01-21,-0.16666539510091147,6
2020-01-22,-0.08051943778991699,3
2020-01-23,0.0,2
2020-01-24,0.0,2
2020-01-27,-0.22756695747375488,4
2020-01-28,-0.33309141794840497,6
2020-01-29,0.0,2
2020-01-30,4.676977793375651e-05,3
2020-01-31,0.0,1
2020-02-03,0.496813212122236,7
2020-02-04,0.0,3
2020-02-05,0.4612198770046234,4
2020-02-06,0.33333321412404376,3
2020-02-07,0.0,6
2020-02-10,0.10893670150211879,7
2020-02-11,0.16349207361539206,6
2020-02-12,-0.166014035542806,6
2020-02-13,0.3333333333333333,3
2020-02-14,0.49999815225601196,2
2020-02-18,0.9999552965164185,1
2020-02-19,0.14277195930480957,7
2020-02-20,-0.49772340059280396,4
2020-02-21,-0.00010532140731811523,6
2020-02-24,-0.2858349936349051,7
2020-02-25,-0.12552538514137268,8
2020-02-26,-0.05854729413986206,10
2020-02-27,-0.3059756931136636,17
2020-02-28,-0.2870698869228363,16
2020-03-02,-0.1325186863541603,4
2020-03-03,0.39968870878219603,5
2020-03-04,-0.22904926538467407,4
2020-03-05,0.19999618530273439,5
2020-03-06,-0.19987412691116332,5
2020-03-09,-0.4091561958193779,32
2020-03-10,-0.12318684160709381,8
2020-03-11,-0.1986172080039978,10
2020-03-12,-0.3985587763786316,25
2020-03-13,0.35269773403803506,15
2020-03-16,-0.18529233932495118,20
2020-03-17,-0.143972533089774,14
2020-03-18,-0.26052811245123547,12
2020-03-19,-0.011578559875488281,12
2020-03-20,-0.300067404905955,6
2020-03-23,-0.32542714807722306,9
2020-03-24,-0.09945285320281982,10
2020-03-25,-0.14603130022684732,12
2020-03-26,-0.36552733182907104,5
2020-03-27,0.3096327516767714,9
2020-03-30,-3.549456596374512e-05,4
2020-03-31,-0.4325743556022644,10
2020-04-01,-0.28570689473833355,7
2020-04-02,0.6573721567789713,6
2020-04-03,-0.19623960852622985,5
2020-04-06,0.09646390080451965,10
2020-04-07,0.4614548683166504,2
2020-04-08,-0.061761826276779175,8
2020-04-09,0.006803631782531738,5
2020-04-13,0.21084342896938324,4
2020-04-14,0.019842556544712613,7
2020-04-15,0.0,4
2020-04-16,-0.370005738735199,5
2020-04-17,0.011459076404571533,5
2020-04-20,0.011658573150634765,5
2020-04-21,-0.6466779112815857,3
2020-04-22,0.9998914003372192,1
2020-04-24,0.0,1
2020-04-27,-0.4980277270078659,4
2020-04-28,0.47926972806453705,4
2020-04-29,0.9999558925628662,1
2020-04-30,-0.4611177444458008,4
2020-05-01,0.15845151458467757,7
2020-05-04,0.006679677963256836,5
2020-05-05,0.2762498344693865,7
2020-05-06,0.0,4
2020-05-07,0.0,7
2020-05-08,0.24540109187364578,8
2020-05-11,0.599897301197052,5
2020-05-12,9.554624557495117e-05,4
2020-05-13,0.23921509087085724,4
2020-05-14,-0.5378022789955139,5
2020-05-15,0.6473734577496847,3
2020-05-18,0.0,2
2020-05-19,-0.6237506071726481,3
2020-05-20,0.28596384326616925,6
2020-05-21,0.14881784717241922,6
2020-05-22,-0.33327120542526245,3
2020-05-26,0.10215605795383453,8
2020-05-27,-0.37810765845435007,7
2020-05-28,0.04595280289649963,10
2020-05-29,0.24998843669891357,4
2020-06-01,-0.12485253810882568,7
2020-06-02,0.0016893574169703893,7
2020-06-03,0.49427780508995056,2
2020-06-04,0.4904078245162964,6
2020-06-05,0.818408876657486,6
2020-06-08,0.25,8
2020-06-09,-0.08453148603439331,8
2020-06-10,-0.16666529575983682,6
2020-06-11,-0.09725074768066407,5
2020-06-12,0.24932244420051575,4
2020-06-15,-0.3202845056851705,6
2020-06-16,0.5996487617492676,5
2020-06-17,0.0,6
2020-06-18,4.172325134277344e-06,3
2020-06-19,0.1663698454697927,6
2020-06-22,0.3333333333333333,3
2020-06-24,0.13883404220853532,7
2020-06-25,0.0,4
2020-06-26,-0.14890821278095245,4
2020-06-29,0.29994410276412964,10
2020-06-30,0.43525080548392403,9
2020-07-01,0.5454475771297108,11
2020-07-02,0.2215145230293274,9
2020-07-06,0.6447108685970306,6
2020-07-07,0.0,1
2020-07-08,0.1690690517425537,5
2020-07-09,-1.3113021850585938e-06,2
2020-07-10,-0.04814210534095764,4
2020-07-13,-0.13966079552968344,6
2020-07-14,0.0,3
2020-07-15,-0.3178898930549622,5
2020-07-16,0.0,1
2020-07-20,0.6456026534239451,6
2020-07-21,-0.16628719369570413,6
2020-07-22,0.31357622146606445,6
2020-07-23,0.28052409887313845,5
2020-07-24,-0.2499810755252838,4
2020-07-27,-0.18637446562449136,3
2020-07-28,0.16552807887395224,6
2020-07-29,-0.33332884311676025,3
2020-07-30,0.49999839067459106,2
2020-07-31,-0.12499009711401803,7
2020-08-03,0.8304224908351898,6
2020-08-04,0.005853136380513509,6
2020-08-05,0.0,1
2020-08-06,5.083424704415458e-06,7
2020-08-07,0.00011470913887023926,4
2020-08-10,0.051281802356243134,8
2020-08-11,0.37575846910476685,8
2020-08-12,0.3333056370417277,3
2020-08-13,0.0,1
2020-08-14,-0.1997188925743103,5
2020-08-17,0.22762415558099747,8
2020-08-18,0.302337434142828,16
2020-08-19,0.06528997421264648,7
2020-08-20,0.2857142857142857,7
2020-08-21,0.3749239146709442,8
2020-08-24,-0.03856593370437622,2
2020-08-25,0.020852587052753994,14
2020-08-26,-0.3332713743050893,6
2020-08-27,0.0,3
2020-08-28,0.14967678652869332,9
2020-08-31,5.2735209465026855e-05,4
2020-09-01,0.33342602849006653,6
2020-09-02,0.28515802110944477,7
2020-09-03,-0.39931330680847166,10
2020-09-04,-0.4998026192188263,4
2020-09-08,-0.1452998419602712,12
2020-09-09,-0.33329662680625916,6
2020-09-10,3.524621327718099e-05,3
2020-09-11,0.0,1
2020-09-14,0.5459626197814942,5
2020-09-15,-0.0669364184141159,4
2020-09-16,0.0051391224066416425,6
2020-09-17,0.3974421262741089,5
2020-09-18,-0.19217197895050048,5
2020-09-21,-0.33333122730255127,3
2020-09-22,-0.6665496031443278,3
2020-09-23,-0.056537466699426824,55
2020-09-24,0.3989511728286743,5
2020-09-25,0.33333126703898114,3
2020-09-28,0.33200570940971375,6
2020-09-29,0.14285714285714285,7
2020-09-30,-0.0010461658239364624,8
2020-10-01,0.0,3
2020-10-02,0.499946653842926,2
2020-10-05,0.9791395366191864,2
2020-10-06,-0.4996345341205597,2
2020-10-07,-0.0002512812614440918,5
2020-10-08,9.2238187789917e-06,4
2020-10-09,0.9997557997703552,1
2020-10-12,4.76837158203125e-07,6
2020-10-13,0.24979908764362335,4
2020-10-14,2.4636586507161457e-05,3
2020-10-15,0.0,2
2020-10-16,-0.3330700794855754,3
2020-10-19,0.2833120326201121,6
2020-10-20,0.3418682932853699,5
2020-10-21,0.16405963897705078,6
2020-10-22,-0.16447114944458008,6
2020-10-23,7.450580596923828e-07,4
2020-10-26,-0.3332386612892151,3
2020-10-27,0.08671946326891582,6
2020-10-28,-0.9453661143779755,2
2020-10-29,-0.396603524684906,5
2020-10-30,-0.9362101554870605,1
2020-11-02,0.18269939422607423,10
2020-11-03,0.2629526416460673,15
2020-11-04,0.2,5
2020-11-05,-0.05059663951396942,4
2020-11-06,0.32897066324949265,8
2020-11-09,0.476811279853185,6
2020-11-10,0.258781373500824,4
2020-11-11,0.0,1
2020-11-12,-0.003685086965560913,4
2020-11-13,0.39995487928390505,5
2020-11-16,0.2684242237697948,11
2020-11-17,0.2776711242539542,14
2020-11-18,0.0,3
2020-11-19,-0.14136420828955515,7
2020-11-20,-0.14341017178126744,7
2020-11-23,0.1725943684577942,6
2020-11-24,0.37277849362446713,13
2020-11-25,0.15401596948504448,8
2020-11-27,0.3333333333333333,3
2020-11-30,0.28387985059193205,7
2020-12-01,-0.2853853834999932,9
2020-12-02,0.6598339974880219,6
2020-12-03,0.0,1
2020-12-04,0.16666430234909058,6
2020-12-07,0.0,4
2020-12-08,0.0,3
2020-12-09,0.249336838722229,4
2020-12-10,0.060860395431518555,8
2020-12-11,0.3333221475283305,6
2020-12-14,0.24997955560684204,4
2020-12-15,0.2620404362678528,6
2020-12-16,0.49985550840695697,6
2020-12-17,0.22701127330462137,6
2020-12-18,0.27270249886946246,11
2020-12-21,0.07692304941324088,13
2020-12-22,-0.3754593644823347,7
2020-12-23,0.0,3
2020-12-24,0.0017509609460830688,4
2020-12-28,-0.4999861717224121,2
2020-12-29,0.555720055103302,5
2020-12-30,0.49999972184499103,6
2021-01-04,0.42483303376606535,7
2021-01-05,0.24999693036079407,4
2021-01-06,-0.00020531813303629556,6
2021-01-07,-0.1422383955546788,7
2021-01-08,0.0,2
2021-01-11,0.3333331346511841,3
2021-01-12,0.0,2
2021-01-13,-0.499968558549881,4
2021-01-14,-0.3226681749025981,3
2021-01-15,-0.28513096060071674,7
2021-01-19,0.42729578415552777,9
2021-01-20,0.13349363803863526,15
2021-01-21,0.3332747022310893,6
2021-01-25,-0.051008868217468264,5
2021-01-26,-0.0038511991500854493,5
2021-01-27,0.0,2
2021-01-28,-0.24971769750118256,4
2021-01-29,0.5513538547924587,7
2021-02-01,0.7213898450136185,4
2021-02-02,0.37760430574417114,8
2021-02-03,-0.333327054977417,3
2021-02-04,0.24995650351047516,4
2021-02-05,0.16931832830111185,6
2021-02-08,0.0,2
2021-02-09,0.2488938570022583,4
2021-02-10,0.0,2
2021-02-11,0.47308096289634705,2
2021-02-12,0.0020389705896377563,4
2021-02-16,0.1999995470046997,5
2021-02-17,0.0,3
2021-02-18,-0.24270739555358886,5
2021-02-19,0.0,1
2021-02-22,0.0,4
2021-02-23,0.49814558029174805,2
2021-02-24,0.9999998807907104,1
2021-02-25,-0.9415053725242615,2
2021-02-26,0.6725588589906693,4
2021-03-01,0.06402285397052765,8
2021-03-02,0.0013127326965332031,4
2021-03-03,0.37499742209911346,8
2021-03-04,0.00020524263381958008,10
2021-03-05,0.19993021488189697,5
2021-03-08,0.2780573070049286,4
2021-03-09,-0.2845588411603655,7
2021-03-10,6.586313247680664e-06,4
2021-03-11,0.32708221673965454,3
2021-03-12,0.0,3
2021-03-15,0.33331672350565594,3
2021-03-16,-0.16544539398617214,9
2021-03-17,4.231929779052734e-06,6
2021-03-18,-0.1472566525141398,6
2021-03-19,0.12499265372753143,4
2021-03-22,0.003146489461263021,6
2021-03-23,0.12499858438968658,8
2021-03-24,0.33928409963846207,8
2021-03-25,0.4999324679374695,2
2021-03-26,0.1428584200995309,7
2021-03-29,0.3877776265144348,5
2021-03-30,0.2214659121301439,9
2021-03-31,0.12581469118595123,8
2021-04-01,0.4121148671422686,7
2021-04-05,-0.9968731800715128,3
2021-04-06,0.7483314722776413,4
2021-04-07,0.0,2
2021-04-08,0.16666666666666666,6
2021-04-09,0.38049997091293336,5
2021-04-12,0.18125563859939575,4
2021-04-13,-0.003048509359359741,4
2021-04-14,0.49999892711639404,2
2021-04-15,0.0,2
2021-04-16,0.6666666666666666,3
2021-04-19,0.571403980255127,7
2021-04-20,0.24999967217445374,4
2021-04-21,-0.13290587067604065,6
2021-04-22,0.9993090629577637,2
2021-04-23,0.08709606528282166,4
2021-04-26,0.0,1
2021-04-27,0.14350031103406632,7
2021-04-28,0.19998693466186523,5
2021-04-29,-0.00674368937810262,3
2021-04-30,0.04365238121577671,7
2021-05-03,0.30957305431365967,6
2021-05-04,0.0019365350405375163,9
2021-05-05,0.0,3
2021-05-06,0.0002135932445526123,2
2021-05-07,-0.24991798400878906,4
2021-05-10,0.027744615077972413,10
2021-05-11,-0.2499992847442627,4
2021-05-12,-0.23989103734493256,8
2021-05-13,-0.3298078576723735,3
2021-05-14,0.31091763575871784,3
2021-05-17,-0.14963985681533815,5
2021-05-18,0.0,6
2021-05-19,-0.9936853051185608,1
2021-05-20,-0.08818374872207642,5
2021-05-21,0.0,2
2021-05-24,0.3528933450579643,8
2021-05-25,0.0,2
2021-05-26,0.0,5
2021-05-27,0.5949297785758972,5
2021-05-28,-0.0005127290884653727,6
2021-06-01,0.333313524723053,6
2021-06-02,-0.093338143825531,5
2021-06-03,0.0,5
2021-06-04,0.16666642824808756,6
2021-06-07,-0.4719396010041237,8
2021-06-08,0.24999985098838806,4
2021-06-09,0.33288681507110596,3
2021-06-10,0.3333211342493693,3
2021-06-11,0.8688005208969116,1
2021-06-14,0.0,1
2021-06-15,-0.49935559928417206,4
2021-06-16,0.16200903058052063,6
2021-06-17,-0.3333292404810588,3
2021-06-18,0.0,1
2021-06-21,0.45310136675834656,6
2021-06-22,0.4999566078186035,2
2021-06-23,0.1746000051498413,3
2021-06-24,0.0,3
2021-06-25,-0.38880679607391355,5
2021-06-28,0.3046290636062622,10
2021-06-29,0.5999593257904052,5
2021-06-30,0.5997286796569824,5
2021-07-01,-3.4809112548828124e-06,5
2021-07-02,0.5168564796447754,5
2021-07-06,0.9788950681686401,2
2021-07-07,0.2857011726924351,7
2021-07-08,0.499999463558197,2
2021-07-09,-0.01559227705001831,2
2021-07-12,0.9997199773788452,3
2021-07-13,0.1665745178858439,6
2021-07-14,-0.48177188634872437,4
2021-07-15,0.0,6
2021-07-16,0.48910437524318695,4
2021-07-19,-0.12429499626159668,7
2021-07-20,0.3928629904985428,8
2021-07-21,0.49993787705898285,4
2021-07-22,-0.0997096374630928,8
2021-07-23,-0.007481276988983154,4
2021-07-26,0.00047693252563476565,5
2021-07-27,0.5,2
2021-07-28,-0.9340736269950867,2
2021-07-29,0.0,3
2021-07-30,0.49998828768730164,4
2021-08-02,0.48582206666469574,4
2021-08-03,-0.33332328001658124,3
2021-08-04,0.6655640204747518,3
2021-08-05,0.2499999701976776,4
2021-08-06,0.5118866562843323,5
2021-08-09,0.25,4
2021-08-10,0.0,1
2021-08-11,0.24996715784072876,4
2021-08-13,0.4999917149543762,4
2021-08-16,0.4285978845187596,7
2021-08-17,0.2664330080151558,8
2021-08-18,0.33377793927987415,12
2021-08-19,-0.16629204154014587,6
2021-08-20,0.0,2
2021-08-23,0.46298736333847046,2
2021-08-24,0.015963280200958253,5
2021-08-25,0.389794921875,5
2021-08-26,0.0,6
2021-08-27,0.290239542722702,4
2021-08-30,0.14285545689719065,7
2021-08-31,0.33333277702331543,3
2021-09-01,-0.14062353542872838,7
2021-09-02,-0.24997258186340332,4
2021-09-03,0.5762889742851257,5
2021-09-07,0.3333297570546468,3
2021-09-08,0.19999096393585206,5
2021-09-09,-0.3332658012708028,3
2021-09-10,0.0,1
2021-09-13,0.999687671661377,1
2021-09-14,-0.0003014504909515381,6
2021-09-15,-0.09078640829433095,11
2021-09-16,-0.6113874514897665,3
2021-09-17,-0.23661509156227112,4
2021-09-20,-0.11510054767131805,8
2021-09-21,-0.39724916219711304,5
2021-09-22,-0.21110664308071136,2
2021-09-23,-0.24996432662010193,4
2021-09-24,-0.27130211393038434,6
2021-09-27,0.16714037458101907,9
2021-09-28,0.1326970202582223,7
2021-09-29,0.11098053720262316,9
2021-09-30,0.0,4
2021-10-01,-0.28493107358614606,6
2021-10-04,-0.1243337020277977,8
2021-10-05,0.0,3
2021-10-06,-0.5174834132194519,5
2021-10-07,0.39538451433181765,5
2021-10-08,-0.24440507590770721,4
2021-10-11,0.19999988079071046,5
2021-10-12,0.01576523780822754,5
2021-10-13,0.1974915713071823,4
2021-10-14,0.14236401660101755,7
2021-10-15,0.0,3
2021-10-18,0.7412820935249329,5
2021-10-19,0.19528917074203492,5
2021-10-20,0.14285714285714285,7
2021-10-21,0.1630239486694336,7
2021-10-22,0.22575563192367554,4
2021-10-25,0.0,3
2021-10-26,-0.24998775124549866,4
2021-10-27,-0.1404463563646589,7
2021-10-28,0.2,5
2021-10-29,-0.10868428813086616,9
2021-11-01,0.2653507102619518,11
2021-11-02,0.09776636958122253,4
2021-11-03,0.24999955296516418,4
2021-11-04,0.20005861520767212,5
2021-11-05,0.19960716962814332,5
2021-11-08,0.37499281764030457,8
2021-11-09,0.2889777322610219,6
2021-11-10,-0.16551192849874496,8
2021-11-11,-0.3294066588083903,3
2021-11-12,0.5672398686408997,5
2021-11-15,-0.39902218580245974,5
2021-11-16,-0.1428570236478533,7
2021-11-17,0.49383143583933514,6
2021-11-18,0.16666477918624878,6
2021-11-19,-0.1813560128211975,11
2021-11-22,0.16667458415031433,12
2021-11-23,-0.19622268676757812,5
2021-11-24,3.719329833984375e-06,5
2021-11-26,-0.49935853481292725,2
2021-11-29,-0.2448175773024559,8
2021-11-30,-0.09367469151814779,15
2021-12-01,0.12257983287175496,9
2021-12-02,0.15980728467305502,9
2021-12-03,0.1428567681993757,7
2021-12-06,0.19639692902565004,10
2021-12-07,0.7312984704971314,5
2021-12-08,-0.0010677228371302288,12
2021-12-09,0.3999999761581421,5
2021-12-10,0.24760476350784302,5
2021-12-13,0.3746006041765213,8
2021-12-14,0.19999995231628417,5
2021-12-15,3.129243850708008e-06,4
2021-12-16,-0.2499920129776001,4
2021-12-17,0.666666587193807,3
2021-12-20,-0.0001585841178894043,10
2021-12-21,0.4960927218198776,4
2021-12-22,-0.07401922014024523,9
2021-12-23,0.15636401623487473,8
2021-12-27,0.17945270538330077,5
2021-12-28,-0.005776591598987579,8
2021-12-29,0.1183862195295446,17
2021-12-30,0.39637792855501175,8
2021-12-31,0.13438045606017113,16
2022-01-03,0.30657504613582903,13
2022-01-04,0.1339972694714864,15
2022-01-05,0.2856799449239458,7
2022-01-06,1.3804435729980468e-05,5
2022-01-07,-0.3330950935681661,6
2022-01-10,0.2982916567060683,9
2022-01-11,-0.2630644014903477,7
2022-01-12,-0.0005972385406494141,7
2022-01-13,0.5043033361434937,6
2022-01-14,0.1872996836900711,8
2022-01-18,0.21092433163097926,7
2022-01-19,0.0012041106820106506,8
2022-01-20,-0.0598112978041172,8
2022-01-21,0.16698068380355835,13
2022-01-24,-0.005605198442935944,24
2022-01-25,0.001941390335559845,8
2022-01-26,0.17742023413831537,11
2022-01-27,-0.11195180416107178,5
2022-01-28,-0.22575451646532332,7
2022-01-31,-0.09094121239402077,11
2022-02-01,1.1920928955078125e-06,5
2022-02-02,-0.000672072172164917,8
2022-02-03,0.3996271789073944,10
2022-02-04,0.24700352549552917,8
2022-02-07,0.08823573589324951,12
2022-02-08,-0.06659586863084273,11
2022-02-09,0.12931175231933595,10
2022-02-10,0.14092659950256348,7
2022-02-11,0.19999639987945556,10
2022-02-14,0.37040623277425766,8
2022-02-15,-0.2637304493359157,7
2022-02-16,-0.6387726068496704,3
2022-02-17,0.33333392937978107,3
2022-02-18,0.16618141531944275,6
2022-02-22,-0.16644596556822458,12
2022-02-23,-0.14322078578612385,17
2022-02-24,0.005298000115614671,13
2022-02-25,0.16666666666666666,6
2022-02-28,-0.10188395778338115,6
2022-03-01,-0.014841258525848389,8
2022-03-02,0.094431357724326,7
2022-03-03,-0.1375250220298767,5
2022-03-04,-0.32831107907825047,9
2022-03-07,-0.12502027302980423,8
2022-03-08,-0.4999188780784607,2
2022-03-09,-0.21538244826453073,7
2022-03-10,-0.2016208529472351,5
2022-03-11,0.10916850964228313,9
2022-03-14,-0.16696533064047495,12
2022-03-15,0.6190747221310934,6
2022-03-16,0.40566234290599823,12
2022-03-17,0.24640964468320212,6
2022-03-18,0.06321828564008077,6
2022-03-21,0.5497226417064667,10
2022-03-22,0.2499997913837433,4
2022-03-23,-0.11111081971062554,9
2022-03-24,-0.2386925294995308,8
2022-03-25,2.86102294921875e-07,5
2022-03-28,0.09975756406784057,10
2022-03-29,-0.26818697651227313,6
2022-03-30,0.3776227335135142,6
2022-03-31,0.14246281555720738,7
2022-04-01,0.4994486391544342,10
2022-04-04,0.35601854866201227,11
2022-04-05,0.16381136576334634,6
2022-04-06,0.44259554147720337,8
2022-04-07,0.1418994665145874,7
2022-04-08,0.24762964248657227,6
2022-04-11,4.947185516357422e-06,6
2022-04-12,6.127357482910156e-06,5
2022-04-13,0.19998201727867126,10
2022-04-14,-0.09999788999557495,10
2022-04-18,0.28064660515104023,7
2022-04-19,-0.35276165178843905,7
2022-04-20,-0.24987035244703293,8
2022-04-21,-0.667143851518631,4
2022-04-22,-0.28319663660866873,7
2022-04-25,0.30144826003483366,7
2022-04-26,-0.10475034266710281,8
2022-04-27,0.09982290267944335,10
2022-04-28,0.05987460911273956,4
2022-04-29,-0.6071241609752178,16
2022-05-02,-0.22093617253833348,9
2022-05-03,-0.11079297463099162,6
2022-05-04,-0.12501166760921478,8
2022-05-05,0.1538373506986178,13
2022-05-06,-0.12480966001749039,8
2022-05-09,-0.3327208658059438,18
2022-05-10,-0.16947507858276367,16
2022-05-11,-0.34313543403849883,17
2022-05-12,0.05582285469228571,11
2022-05-13,-0.16431057949860892,12
2022-05-16,-0.11516417448337261,13
2022-05-17,0.16650794943173727,6
2022-05-18,-0.05023801326751709,20
2022-05-19,-0.3405353933572769,20
2022-05-20,-0.23747665317435013,19
2022-05-23,0.013239541224070958,14
2022-05-24,0.1194642919760484,13
2022-05-25,0.4425287038087845,10
2022-05-26,-0.00675184859169854,9
2022-05-27,0.20000252723693848,10
2022-05-31,-0.15569680077689035,7
2022-06-01,0.4148139868463789,7
2022-06-02,-0.03936073184013367,6
2022-06-03,0.49989792704582214,8
2022-06-06,0.16877669947487967,7
2022-06-07,-0.41915019920894075,7
2022-06-08,0.12607087939977646,8
2022-06-09,-0.08314651747544606,12
2022-06-10,-0.06685483455657959,9
2022-06-13,-0.16850543022155762,34
2022-06-14,-0.08178667511258807,21
2022-06-15,-0.1139652207493782,8
2022-06-16,-0.3950857758522034,10
2022-06-17,-0.009298427538438276,11
2022-06-21,0.0,6
2022-06-22,0.15134862065315247,6
2022-06-23,-0.05161889110292707,7
2022-06-24,0.03595806543643658,13
2022-06-27,-0.005824059247970581,10
2022-06-28,-0.16994774341583252,13
2022-06-29,-0.33235866328080493,12
2022-06-30,-0.2763066490491231,18
2022-07-01,-0.33505869408448535,12
2022-07-05,0.10302122614600441,11
2022-07-06,0.16666660706202188,6
2022-07-07,0.5160278379917145,4
2022-07-08,-0.3020008563995361,5
2022-07-11,-0.24957772663661412,7
2022-07-12,0.33333317438761395,3
2022-07-13,0.3431597948074341,7
2022-07-14,-0.30180686712265015,6
2022-07-15,-0.1999753713607788,5
2022-07-18,0.08804709261113947,11
2022-07-19,0.20362959305445352,6
2022-07-20,0.0,3
2022-07-21,0.1560694310400221,9
2022-07-22,0.28571208885737825,7
2022-07-25,0.5714265278407505,7
2022-07-26,0.0,2
2022-07-27,0.3999542474746704,5
2022-07-28,0.499114990234375,4
2022-07-29,0.2247662345568339,6
2022-08-01,0.013193260539661755,11
2022-08-02,0.15127288301785788,6
2022-08-03,0.3265063365300496,6
2022-08-04,-0.11116256316502889,9
2022-08-05,0.0,2
2022-08-08,0.0026736855506896973,9
2022-08-09,0.0,2
2022-08-10,-0.09870239496231079,10
2022-08-11,-0.11747324466705322,6
2022-08-12,0.29504272937774656,10
2022-08-15,0.22208786673016018,9
2022-08-16,0.2456064075231552,4
2022-08-17,0.1787724561161465,9
2022-08-18,-0.29246952533721926,10
2022-08-19,-0.16666853427886963,6
2022-08-22,-0.2499966323375702,8
2022-08-23,0.0,3
2022-08-24,0.20183264017105101,5
2022-08-25,0.0,3
2022-08-26,-0.24990306049585342,8
2022-08-29,-0.2445087432861328,8
2022-08-30,-0.09316717833280563,8
2022-08-31,-0.05732717684337071,14
2022-09-01,-0.17501982301473618,16
2022-09-02,-0.0055306777358055115,8
2022-09-06,-0.11672710627317429,8
2022-09-07,0.16666666666666666,6
2022-09-08,-0.1666724681854248,6
2022-09-09,0.4800918474793434,8
2022-09-12,0.2354490269314159,11
2022-09-13,-0.62540374483381,14
2022-09-14,-0.5209793611006304,11
2022-09-15,-0.07945166230201721,10
2022-09-16,-0.32213699275797064,11
2022-09-19,-0.003671729564666748,10
2022-09-20,-0.2724671278681074,7
2022-09-21,0.09986366629600525,10
2022-09-22,0.42846972601754324,7
2022-09-23,-0.33220595121383667,14
2022-09-26,0.002776167609474876,11
2022-09-27,-0.2591445190565927,14
2022-09-28,0.37812135900769916,7
2022-09-29,-0.23342387278874716,15
2022-09-30,-0.23902247746785482,15
2022-10-03,0.2094954550266266,14
2022-10-04,-0.028587108850479125,15
2022-10-05,0.35025157531102497,9
2022-10-06,0.02460033893585205,5
2022-10-07,0.13439873192045423,9
2022-10-10,0.19527802467346192,5
2022-10-11,0.02703884243965149,6
2022-10-12,0.11456884329135601,13
2022-10-13,0.21375925838947296,12
2022-10-14,0.2424048643845778,13
2022-10-17,0.32485241889953614,15
2022-10-18,-0.06106753945350647,10
2022-10-19,0.0690204042654771,13
2022-10-20,0.0739608347415924,5
2022-10-21,0.33323925236860913,12
2022-10-24,-0.4278817517416818,7
2022-10-25,0.44403475522994995,9
2022-10-26,-0.33195754885673523,6
2022-10-27,-0.4265285389763968,7
2022-10-28,0.19508379101753234,10
2022-10-31,0.31682324409484863,9
2022-11-01,0.4180078591619219,7
2022-11-02,0.14293064389910018,7
2022-11-03,-0.22221771876017252,9
2022-11-04,0.13492353757222494,6
2022-11-07,-0.285764787878309,14
2022-11-08,0.24999994039535522,8
2022-11-09,0.0432296097278595,14
2022-11-10,0.28231074288487434,16
2022-11-11,0.5016384224096934,6
2022-11-14,0.24882476031780243,8
2022-11-15,0.1999676465988159,10
2022-11-16,-0.28386744431086947,7
2022-11-17,0.003332465887069702,6
2022-11-18,0.25,4
2022-11-21,0.12377668420473735,12
2022-11-22,0.3337668072093617,11
2022-11-23,-0.060187137126922606,10
2022-11-25,0.018570220470428465,5
2022-11-28,0.25218490578911523,11
2022-11-29,-0.2142213327544076,14
2022-11-30,-0.03328197343008859,14
2022-12-01,0.09974165360132853,15
2022-12-02,-0.2251183291276296,6
2022-12-05,-0.08911320898267958,9
2022-12-06,-0.4333881205982632,9
2022-12-07,-0.3593257665634155,7
2022-12-08,0.02429948534284319,7
2022-12-09,-0.0049158215522766115,10
2022-12-12,-0.016094900094545804,13
2022-12-13,0.1058991551399231,19
2022-12-14,0.18896932072109646,9
2022-12-15,0.04034161567687988,11
2022-12-16,-0.6320426000489129,9
2022-12-19,-0.28706370506967815,14
2022-12-20,0.17722112482244318,11
2022-12-21,-0.34176614067771216,11
2022-12-22,-0.015334022045135499,10
2022-12-23,-0.3522787822617425,9
2022-12-27,-0.2378908356030782,15
2022-12-28,-0.23344959230983958,17
2022-12-29,0.1176234632730484,12
2022-12-30,-0.3524355731512371,19
2023-01-03,-0.042790127427954426,19
2023-01-04,0.008817773312330246,16
2023-01-05,0.18175954168493097,11
2023-01-06,0.09901285798926103,19
2023-01-09,-0.2971659958362579,20
2023-01-10,0.022230721182293363,18
2023-01-11,0.1081654808738015,11
2023-01-12,0.12498116493225098,8
2023-01-13,0.1908560906137739,14
2023-01-17,-0.2561174233754476,15
2023-01-18,-0.6507419844468435,6
2023-01-19,-0.24649041891098022,11
2023-01-20,0.17955150512548593,13
2023-01-23,0.04141657125382196,21
2023-01-24,-0.20205875396728515,25
2023-01-25,-0.06666182279586792,15
2023-01-26,0.30589713156223297,16
2023-01-27,0.1897285357117653,16
2023-01-30,-0.07112836837768555,13
2023-01-31,0.212600851431489,16
2023-02-01,0.2341447529338655,21
2023-02-02,0.45354895030750947,17
2023-02-03,0.3036313593387604,10
2023-02-06,0.036581720176496,19
2023-02-07,-0.05283414920171102,15
2023-02-08,-0.09197277682168144,14
2023-02-09,-0.165022795016949,13
2023-02-10,-0.14288308790751866,7
2023-02-13,0.20947541688617907,19
2023-02-14,-0.1549806757406755,11
2023-02-15,0.13409525950749715,15
2023-02-16,0.17969043688340622,22
2023-02-17,0.020673797411077163,17
2023-02-21,-0.365106680393219,25
2023-02-22,0.1487811475992203,20
2023-02-23,-0.06847025339420025,13
2023-02-24,-0.052297618985176084,20
2023-02-27,0.11969636380672455,12
2023-02-28,-0.12385372604642596,14
2023-03-01,-0.09092042843500774,21
2023-03-02,0.4174039679415086,17
2023-03-03,0.031011193990707397,18
2023-03-06,0.17808219482158794,29
2023-03-07,-0.05900763968626658,24
2023-03-08,-0.17029826243718466,15
2023-03-09,0.02982600606404818,26
2023-03-10,-0.444569913779988,17
2023-03-13,-0.17027624164308822,21
2023-03-14,0.111537144464605,17
2023-03-15,-0.30247138688961667,24
2023-03-16,0.28630598528044565,14
2023-03-17,0.041351639706155525,23
2023-03-20,0.015244358464291221,19
2023-03-21,0.1851925492286682,15
2023-03-22,0.06191302382427713,23
2023-03-23,-0.12985999882221222,16
2023-03-24,0.11043861279120812,13
2023-03-27,0.3071712851524353,13
2023-03-28,-0.17997769875959915,11
2023-03-29,0.13489758968353271,17
2023-03-30,-0.014908462762832642,18
2023-03-31,0.04071929592352647,26
2023-04-03,0.19473132593878384,29
2023-04-04,-0.20639796101528665,23
2023-04-05,-0.1554535984992981,25
2023-04-06,-0.1533158452887284,19
2023-04-10,-0.05457039177417755,20
2023-04-11,0.002552191416422526,15
2023-04-12,-0.15341560407118363,11
2023-04-13,0.018006401903489056,17
2023-04-14,-0.15625710040330887,20
2023-04-17,0.09023823250423778,22
2023-04-18,0.04035202057465263,23
2023-04-19,-0.08223909360391123,27
2023-04-20,-0.3570973873138428,10
2023-05-01,0.27291591394515263,21
2023-05-02,0.023318234831094742,16
2023-05-03,-0.30942922830581665,16
2023-05-04,-0.3865305277017447,13
2023-05-05,0.16694992780685425,18
2023-05-08,0.15720653533935547,19
2023-05-09,-0.09829648998048571,18
2023-05-10,0.298097588121891,16
2023-05-11,-0.09954573214054108,20
2023-05-12,-0.027042617400487263,24
2023-05-15,0.22752679529644193,21
2023-05-16,-0.028493493795394897,14
2023-05-17,0.17650510449158519,19
2023-05-18,0.15008269927718423,22
2023-05-19,-0.04108621044592424,22
2023-05-22,0.08467352390289307,31
2023-05-23,-0.20385628588059368,17
2023-05-24,-0.08114958471722072,9
2023-05-25,0.07596104592084885,16
2023-05-26,0.12986894214854522,17
2023-05-30,0.06248458990683922,26
2023-05-31,-0.27483436465263367,26
2023-06-01,0.015291279868075722,19
2023-06-02,0.29792232866640445,27
2023-06-05,-0.07925141641968175,19
2023-06-06,0.08454449068416249,11
2023-06-07,0.07686809851573063,13
2023-06-08,0.1310124397277832,16
2023-06-09,0.2586289574118221,17
2023-06-12,0.16529987075112082,22
2023-06-13,0.18510389576355615,24
2023-06-14,0.04221928596496582,25
2023-06-15,0.25133100411166315,23
2023-06-16,0.031358762699015,34
2023-06-20,-0.19225329511305866,17
2023-06-21,0.1031929087638855,25
2023-06-22,-0.043884181059323825,13
2023-06-23,-0.13598277257836383,23
2023-06-26,-0.18678226254203104,22
2023-06-27,0.39435460988213034,17
2023-06-28,0.19193080974661786,23
2023-06-29,0.034140782696860175,14
2023-06-30,0.2896465420722961,20
2023-07-03,0.3070971098813144,11
2023-07-05,-0.03782389714167668,26
2023-07-06,-0.2751367725431919,24
2023-07-07,0.09389047648595727,23
2023-07-10,0.19375736573163202,17
2023-07-11,0.08256831367810567,15
2023-07-12,0.3722902350127697,16
2023-07-13,0.566811160908805,18
2023-07-14,-0.017473886410395306,12
2023-07-17,0.2825915047100612,35
2023-07-18,0.4511924954977902,22
2023-07-19,-0.11860671970579359,18
2023-07-20,-0.019054891886534513,27
2023-07-21,0.03440805375576019,20
2023-07-24,0.2743398039429276,27
2023-07-25,0.38832030927433686,17
2023-07-26,0.08174203691028413,21
2023-07-27,-0.26642639107174343,18
2023-07-28,0.14946913448247043,22
2023-07-31,0.5023980423023826,19
2023-08-01,0.17030387199842012,26
2023-08-02,-0.37947589971802453,22
2023-08-03,-0.23391248658299446,16
2023-08-04,-0.2546341985464096,20
2023-08-07,0.28502914428710935,25
2023-08-08,-0.15790893793106078,25
2023-08-09,-0.1966294594879808,29
2023-08-10,0.3053198307752609,16
2023-08-11,0.10212515791257222,12
2023-08-14,0.3328504827287462,18
2023-08-15,-0.09724258749108565,19
2023-08-16,-0.1428209032331194,14
2023-08-17,-0.1878965198993683,14
2023-08-18,-0.12458722293376923,16
2023-08-21,0.15317868547780172,28
2023-08-22,-0.3091723433247319,27
2023-08-23,0.4082660988757485,19
2023-08-24,-0.18619113472791818,26
2023-08-25,-0.09214587103236806,22
2023-08-28,-0.003791485513959612,21
2023-08-29,0.2975390315055847,10
2023-08-30,0.2829067309697469,24
2023-08-31,0.1883834249833051,17
2023-09-01,0.0797987699508667,25
2023-09-05,-0.03394951864525124,27
2023-09-06,-0.15594896544580875,23
2023-09-07,-0.17085219621658326,20
2023-09-08,-0.27512346846716745,21
2023-09-11,0.2918526716530323,16
2023-09-12,-0.08952121842991222,33
2023-09-13,0.06694557450034401,22
2023-09-14,-0.013693786329693265,18
2023-09-15,-0.11837934702634811,24
2023-09-18,-0.05445285780089242,14
2023-09-19,-0.2367535670598348,15
2023-09-20,0.22726161707015263,21
2023-09-21,-0.5176621125294611,13
2023-09-22,-0.14566700949388392,17
2023-09-25,0.0029572208722432455,15
2023-09-26,-0.5226575851440429,5
2023-09-27,-0.0812966376543045,14
2023-09-28,-0.30904067021149856,13
2023-09-29,-0.12772273825060937,31
2023-10-02,0.029332642753918965,24
2023-10-03,-0.20545777575723057,29
2023-10-04,0.16371733943621317,18
2023-10-05,-0.42405954996744794,12
2023-10-06,-0.013945894581930978,21
2023-10-09,-0.05323987915402367,21
2023-10-10,0.30108860731124876,20
2023-10-11,0.05231974273920059,24
2023-10-12,0.12010264794031779,15
2023-10-13,0.13464140350168402,22
2023-10-16,0.2078157031174862,33
2023-10-17,-0.1345136250768389,21
2023-10-18,-0.07380072707715242,23
2023-10-19,-0.0003688309503638226,23
2023-10-20,-0.35478358822209494,28
2023-10-23,-0.10855364137225681,18
2023-10-24,-0.12307882308959961,16
2023-10-25,-0.21427796568189347,14
2023-10-26,-0.4250022047444394,19
2023-10-27,-0.09168539160773867,21
2023-10-30,0.13146880794973934,34
2023-10-31,0.047207463355291454,21
2023-11-01,0.29166000797635033,21
2023-11-02,0.34087968573850747,17
2023-11-03,0.0057264062074514534,13
2023-11-06,0.09833668231964111,25
2023-11-07,0.22322162240743637,24
2023-11-08,0.4220328778028488,24
2023-11-09,0.20357802823970192,19
2023-11-10,0.3773148775100708,15
2023-11-13,0.08880761913631273,23
2023-11-14,0.20599200612022764,21
2023-11-15,0.26727666788631016,18
2023-11-16,0.010394743084907532,20
2023-11-17,-0.02324853056953067,21
2023-11-20,0.3791494094408475,26
2023-11-21,0.19549111083701806,27
2023-11-22,0.34206173137614604,38
2023-11-24,0.049465082585811615,16
2023-11-27,0.22602331909266385,22
2023-11-28,0.03665586880275181,14
2023-11-29,-0.14336282014846802,15
2023-11-30,0.21033961772918702,15
2023-12-01,0.2123184770345688,20
2023-12-04,-0.11381124258041382,30
2023-12-05,-0.08877643170180144,27
2023-12-06,0.13286072346899244,18
2023-12-07,0.32036920070648195,25
2023-12-08,0.3546989172697067,20
2023-12-11,0.09705626964569092,39
2023-12-12,0.23588736267650828,17
2023-12-13,0.30470356474752014,23
2023-12-14,0.09440565440389845,18
2023-12-15,0.2901528000831604,20
2023-12-18,0.1825255042030698,21
2023-12-19,0.4601372107863426,16
2023-12-20,-0.5623068585991859,16
2023-12-21,0.07471468051274617,24
2023-12-22,-0.12364207953214645,16
2023-12-26,0.2679045966693333,21
2023-12-27,0.47034147679805755,20
2023-12-28,0.33749735626307403,22
2023-12-29,0.21888670206069946,25
2024-01-02,0.26298704246679944,24
2024-01-03,-0.10049708684285481,18
2024-01-04,0.2879549827840593,18
2024-01-05,-0.10982240239779155,18
2024-01-08,0.313132501074246,28
2024-01-09,0.12417887386522795,19
2024-01-10,0.28254734476407367,24
2024-01-11,0.1431696504354477,20
2024-01-12,-0.2946869695887846,17
2024-01-16,0.33206476271152496,12
2024-01-17,-0.20549660921096802,5
2024-01-18,0.01270979642868042,8
2024-01-19,0.4776017240115574,49
2024-01-22,0.5141010861843824,32
2024-01-23,0.3854601274837147,11
2024-01-24,0.5186108946800232,15
2024-01-25,0.25943962591035025,14
2024-01-26,0.22573288398630478,17
2024-01-29,0.3268740243381924,9
2024-01-30,0.15591204663117728,12
2024-01-31,0.0011054774125417073,18
2024-02-01,0.27387735518542206,11
2024-02-02,0.4984731995142423,13
2024-02-05,-0.006170535087585449,5
2024-02-06,-0.098670594394207,8
2024-02-07,0.33642080757353043,9
2024-02-08,0.16441794457259,27
2024-02-09,0.23993978780858657,34
2024-02-12,0.17878821740547815,24
2024-02-13,-0.11214933395385743,15
2024-02-14,0.24357933923602104,16
2024-02-15,0.2705712786742619,28
2024-02-16,0.17169019066054245,29
2024-02-20,0.3820198154449463,25
2024-02-21,0.015869964252818714,11
2024-02-22,0.6052089631557465,26
2024-02-23,0.4619142620459847,23
2024-02-26,0.11241737884633682,17
2024-02-27,-0.13403216430119105,21
2024-02-28,0.10699213492242914,19
2024-02-29,0.3166503310203552,22
2024-03-01,0.391473449045612,31
2024-03-04,-0.03303845274832941,31
